Workbook

Sheet YÜKLENİCİ ARAÇLARI
A1: FİRMA | B1: GÜZERGAH | C1: ŞAHIS | D1: PLAKA | E1: HAREKET | F1: GÜN TEK | G1: TUTAR | H1: TOPLAM | I1: 0,20% | J1: ARA TOP | K1: 0,10% | L1: G TOPLAM
A2: BAŞAK TRAKTÖR | B2: PATATES HALİ | C2: UFUK KÖYMEN | E2: GRŞ/ÇKŞ | F2: 19 | G2: 1800 | H2: =Tablo5[[#This Row],[GÜN TEK]]*Tablo5[[#This Row],[TUTAR]] -> 34200 | I2: =Tablo5[[#This Row],[TOPLAM]]*0.2 -> 6840 | J2: =SUM(Tablo5[[#This Row],[TOPLAM]:[0,20%]]) -> 41040 | K2: =Tablo5[[#This Row],[TOPLAM]]*0.1 -> 3420 | L2: =Tablo5[[#This Row],[TOPLAM]]+Tablo5[[#This Row],[0,20%]]-Tablo5[[#This Row],[0,10%]] -> 37620
A3: BAŞAK TRAKTÖR | B3: ŞEKER MAH MESAİ | C3: UFUK KÖYMEN | E3: MESAİ | H3: =Tablo5[[#This Row],[GÜN TEK]]*Tablo5[[#This Row],[TUTAR]] -> 0 | I3: =Tablo5[[#This Row],[TOPLAM]]*0.2 -> 0 | J3: =SUM(Tablo5[[#This Row],[TOPLAM]:[0,20%]]) -> 0 | K3: =Tablo5[[#This Row],[TOPLAM]]*0.1 -> 0 | L3: =Tablo5[[#This Row],[TOPLAM]]+Tablo5[[#This Row],[0,20%]]-Tablo5[[#This Row],[0,10%]] -> 0
A4: BAŞAK TRAKTÖR | B4: CENAZE İST | C4: UFUK KÖYMEN | E4: CENAZE | G4: 6500 | H4: =Tablo5[[#This Row],[GÜN TEK]]*Tablo5[[#This Row],[TUTAR]] -> 0 | I4: =Tablo5[[#This Row],[TOPLAM]]*0.2 -> 0 | J4: =SUM(Tablo5[[#This Row],[TOPLAM]:[0,20%]]) -> 0 | L4: =Tablo5[[#This Row],[TOPLAM]]+Tablo5[[#This Row],[0,20%]]-Tablo5[[#This Row],[0,10%]] -> 0
A5: BAŞAK TRAKTÖR | B5: KAZIMPAŞA ADATIP TEK | C5: SAFFET DİN (BÖLGEM TRZ) | E5: GRŞ/ÇKŞ | F5: 13 | G5: 2900 | H5: =Tablo5[[#This Row],[GÜN TEK]]*Tablo5[[#This Row],[TUTAR]] -> 37700 | I5: =Tablo5[[#This Row],[TOPLAM]]*0.2 -> 7540 | J5: =SUM(Tablo5[[#This Row],[TOPLAM]:[0,20%]]) -> 45240 | K5: =Tablo5[[#This Row],[TOPLAM]]*0.1 -> 3770 | L5: =Tablo5[[#This Row],[TOPLAM]]+Tablo5[[#This Row],[0,20%]]-Tablo5[[#This Row],[0,10%]] -> 41470
A6: BAŞAK TRAKTÖR | B6: BEŞEVLER ALANDÜZÜ | C6: YALÇIN DAMAR | E6: GRŞ/ÇKŞ | F6: 16 | G6: 2700 | H6: =Tablo5[[#This Row],[GÜN TEK]]*Tablo5[[#This Row],[TUTAR]] -> 43200 | I6: =Tablo5[[#This Row],[TOPLAM]]*0.2 -> 8640 | J6: =SUM(Tablo5[[#This Row],[TOPLAM]:[0,20%]]) -> 51840 | K6: =Tablo5[[#This Row],[TOPLAM]]*0.1 -> 4320 | L6: =Tablo5[[#This Row],[TOPLAM]]+Tablo5[[#This Row],[0,20%]]-Tablo5[[#This Row],[0,10%]] -> 47520
A7: BAŞAK TRAKTÖR | B7: BEŞEVLER ALANDÜZÜ MESAİ | C7: MEHMET ANLAŞ | E7: MESAİ | H7: =Tablo5[[#This Row],[GÜN TEK]]*Tablo5[[#This Row],[TUTAR]] -> 0 | I7: =Tablo5[[#This Row],[TOPLAM]]*0.2 -> 0 | J7: =SUM(Tablo5[[#This Row],[TOPLAM]:[0,20%]]) -> 0 | K7: =Tablo5[[#This Row],[TOPLAM]]*0.1 -> 0 | L7: =Tablo5[[#This Row],[TOPLAM]]+Tablo5[[#This Row],[0,20%]]-Tablo5[[#This Row],[0,10%]] -> 0
A8: BAŞAK TRAKTÖR | B8: 32 EVLER BEŞKÖPRÜ | C8: MEHMET ANLAŞ | E8: GRŞ/ÇKŞ | F8: 19 | G8: 1800 | H8: =Tablo5[[#This Row],[GÜN TEK]]*Tablo5[[#This Row],[TUTAR]] -> 34200 | I8: =Tablo5[[#This Row],[TOPLAM]]*0.2 -> 6840 | J8: =SUM(Tablo5[[#This Row],[TOPLAM]:[0,20%]]) -> 41040 | K8: =Tablo5[[#This Row],[TOPLAM]]*0.1 -> 3420 | L8: =Tablo5[[#This Row],[TOPLAM]]+Tablo5[[#This Row],[0,20%]]-Tablo5[[#This Row],[0,10%]] -> 37620
A9: BAŞAK TRAKTÖR | B9: SERDİVAN AVM 20:30 MESAİ | C9: MEHMET ANLAŞ | E9: MESAİ | F9: 1 | G9: =G8*2/3 -> 1200 | H9: =Tablo5[[#This Row],[GÜN TEK]]*Tablo5[[#This Row],[TUTAR]] -> 1200 | I9: =Tablo5[[#This Row],[TOPLAM]]*0.2 -> 240 | J9: =SUM(Tablo5[[#This Row],[TOPLAM]:[0,20%]]) -> 1440 | K9: =Tablo5[[#This Row],[TOPLAM]]*0.1 -> 120 | L9: =Tablo5[[#This Row],[TOPLAM]]+Tablo5[[#This Row],[0,20%]]-Tablo5[[#This Row],[0,10%]] -> 1320
A10: BAŞAK TRAKTÖR | B10: ŞEKER MAH MUHTARLIK | C10: SERKAN AKKOYUN | E10: GRŞ/ÇKŞ | F10: 13 | G10: 1800 | H10: =Tablo5[[#This Row],[GÜN TEK]]*Tablo5[[#This Row],[TUTAR]] -> 23400 | I10: =Tablo5[[#This Row],[TOPLAM]]*0.2 -> 4680 | J10: =SUM(Tablo5[[#This Row],[TOPLAM]:[0,20%]]) -> 28080 | K10: =Tablo5[[#This Row],[TOPLAM]]*0.1 -> 2340 | L10: =Tablo5[[#This Row],[TOPLAM]]+Tablo5[[#This Row],[0,20%]]-Tablo5[[#This Row],[0,10%]] -> 25740
A11: BAŞAK TRAKTÖR | B11: 20:30 MESAİ | C11: SERKAN AKKOYUN | E11: MESAİ | H11: =Tablo5[[#This Row],[GÜN TEK]]*Tablo5[[#This Row],[TUTAR]] -> 0 | I11: =Tablo5[[#This Row],[TOPLAM]]*0.2 -> 0 | J11: =SUM(Tablo5[[#This Row],[TOPLAM]:[0,20%]]) -> 0 | K11: =Tablo5[[#This Row],[TOPLAM]]*0.1 -> 0 | L11: =Tablo5[[#This Row],[TOPLAM]]+Tablo5[[#This Row],[0,20%]]-Tablo5[[#This Row],[0,10%]] -> 0
A12: BAŞAK TRAKTÖR | B12: Ş.FAB E.STAD.KENT PARK | C12: NEVZAT ÖZBAY | E12: GRŞ/ÇKŞ | F12: 13 | G12: 1800 | H12: =Tablo5[[#This Row],[GÜN TEK]]*Tablo5[[#This Row],[TUTAR]] -> 23400 | J12: =SUM(Tablo5[[#This Row],[TOPLAM]:[0,20%]]) -> 23400 | L12: =Tablo5[[#This Row],[TOPLAM]]+Tablo5[[#This Row],[0,20%]]-Tablo5[[#This Row],[0,10%]] -> 23400
A14: BAŞAK TRAKTÖR | B14: Ş.MAH İLAVE HACIOĞLU Ç.PZ | C14: VEYSEL KARATAŞ | E14: GRŞ/ÇKŞ | F14: 13 | G14: 1800 | H14: =Tablo5[[#This Row],[GÜN TEK]]*Tablo5[[#This Row],[TUTAR]] -> 23400 | I14: =Tablo5[[#This Row],[TOPLAM]]*0.2 -> 4680 | J14: =SUM(Tablo5[[#This Row],[TOPLAM]:[0,20%]]) -> 28080 | K14: =Tablo5[[#This Row],[TOPLAM]]*0.1 -> 2340 | L14: =Tablo5[[#This Row],[TOPLAM]]+Tablo5[[#This Row],[0,20%]]-Tablo5[[#This Row],[0,10%]] -> 25740
A15: BAŞAK TRAKTÖR | B15: ERNAZ YORGALAR MESAİ | C15: VEYSEL KARATAŞ | E15: MESAİ | H15: =Tablo5[[#This Row],[GÜN TEK]]*Tablo5[[#This Row],[TUTAR]] -> 0 | I15: =Tablo5[[#This Row],[TOPLAM]]*0.2 -> 0 | J15: =SUM(Tablo5[[#This Row],[TOPLAM]:[0,20%]]) -> 0 | K15: =Tablo5[[#This Row],[TOPLAM]]*0.1 -> 0 | L15: =Tablo5[[#This Row],[TOPLAM]]+Tablo5[[#This Row],[0,20%]]-Tablo5[[#This Row],[0,10%]] -> 0
A16: BAŞAK TRAKTÖR | B16: KURTKÖY SAPANCA | C16: MEHMET SERDAROĞLU | E16: GRŞ/ÇKŞ | F16: 19 | G16: 2750 | H16: =Tablo5[[#This Row],[GÜN TEK]]*Tablo5[[#This Row],[TUTAR]] -> 52250 | I16: =Tablo5[[#This Row],[TOPLAM]]*0.2 -> 10450 | J16: =SUM(Tablo5[[#This Row],[TOPLAM]:[0,20%]]) -> 62700 | K16: =Tablo5[[#This Row],[TOPLAM]]*0.1 -> 5225 | L16: =Tablo5[[#This Row],[TOPLAM]]+Tablo5[[#This Row],[0,20%]]-Tablo5[[#This Row],[0,10%]] -> 57475
A17: BAŞAK TRAKTÖR | B17: 20:30 MESAİ | C17: MEHMET SERDAROĞLU | E17: MESAİ | H17: =Tablo5[[#This Row],[GÜN TEK]]*Tablo5[[#This Row],[TUTAR]] -> 0 | I17: =Tablo5[[#This Row],[TOPLAM]]*0.2 -> 0 | J17: =SUM(Tablo5[[#This Row],[TOPLAM]:[0,20%]]) -> 0 | K17: =Tablo5[[#This Row],[TOPLAM]]*0.1 -> 0 | L17: =Tablo5[[#This Row],[TOPLAM]]+Tablo5[[#This Row],[0,20%]]-Tablo5[[#This Row],[0,10%]] -> 0
A18: BAŞAK TRAKTÖR | B18: ARİFİYE 1 MRK | C18: SALİH ÖZTAŞ | E18: GRŞ/ÇKŞ | F18: 18 | G18: 1800 | H18: =Tablo5[[#This Row],[GÜN TEK]]*Tablo5[[#This Row],[TUTAR]] -> 32400 | J18: =SUM(Tablo5[[#This Row],[TOPLAM]:[0,20%]]) -> 32400 | L18: =Tablo5[[#This Row],[TOPLAM]]+Tablo5[[#This Row],[0,20%]]-Tablo5[[#This Row],[0,10%]] -> 32400
A19: BAŞAK TRAKTÖR | B19: ESENCE 1- B.ESENCE | C19: ELİK TUR(HANİFİ ELİK) | E19: GRŞ/ÇKŞ | F19: 17 | G19: 2000 | H19: =Tablo5[[#This Row],[GÜN TEK]]*Tablo5[[#This Row],[TUTAR]] -> 34000 | I19: =Tablo5[[#This Row],[TOPLAM]]*0.2 -> 6800 | J19: =SUM(Tablo5[[#This Row],[TOPLAM]:[0,20%]]) -> 40800 | K19: =Tablo5[[#This Row],[TOPLAM]]*0.1 -> 3400 | L19: =Tablo5[[#This Row],[TOPLAM]]+Tablo5[[#This Row],[0,20%]]-Tablo5[[#This Row],[0,10%]] -> 37400
A20: BAŞAK TRAKTÖR | B20: 20:30 MESAİ | C20: ELİK TUR(HANİFİ ELİK) | E20: MESAİ | H20: =Tablo5[[#This Row],[GÜN TEK]]*Tablo5[[#This Row],[TUTAR]] -> 0 | I20: =Tablo5[[#This Row],[TOPLAM]]*0.2 -> 0 | J20: =SUM(Tablo5[[#This Row],[TOPLAM]:[0,20%]]) -> 0 | K20: =Tablo5[[#This Row],[TOPLAM]]*0.1 -> 0 | L20: =Tablo5[[#This Row],[TOPLAM]]+Tablo5[[#This Row],[0,20%]]-Tablo5[[#This Row],[0,10%]] -> 0
A21: BAŞAK TRAKTÖR | B21: ESENCE -2-//BEKİRPAŞA | C21: RAMİS GÜMÜŞ | E21: GRŞ/ÇKŞ | F21: 13 | G21: 2000 | H21: =Tablo5[[#This Row],[GÜN TEK]]*Tablo5[[#This Row],[TUTAR]] -> 26000 | I21: =Tablo5[[#This Row],[TOPLAM]]*0.2 -> 5200 | J21: =SUM(Tablo5[[#This Row],[TOPLAM]:[0,20%]]) -> 31200 | K21: =Tablo5[[#This Row],[TOPLAM]]*0.1 -> 2600 | L21: =Tablo5[[#This Row],[TOPLAM]]+Tablo5[[#This Row],[0,20%]]-Tablo5[[#This Row],[0,10%]] -> 28600
A22: BAŞAK TRAKTÖR | B22: ÇATALKÖPRÜ | C22: SERHAT TURAN TUR | E22: GRŞ/ÇKŞ | F22: 14 | G22: 2600 | H22: =Tablo5[[#This Row],[GÜN TEK]]*Tablo5[[#This Row],[TUTAR]] -> 36400 | I22: =Tablo5[[#This Row],[TOPLAM]]*0.2 -> 7280 | J22: =SUM(Tablo5[[#This Row],[TOPLAM]:[0,20%]]) -> 43680 | K22: =Tablo5[[#This Row],[TOPLAM]]*0.1 -> 3640 | L22: =Tablo5[[#This Row],[TOPLAM]]+Tablo5[[#This Row],[0,20%]]-Tablo5[[#This Row],[0,10%]] -> 40040
A23: BAŞAK TRAKTÖR | B23: GÜNEŞLER/OTTOMAN/Y.STAD | C23: RAMAZAN /MERVE YILMAZ | E23: GRŞ/ÇKŞ | F23: 13 | G23: 1800 | H23: =Tablo5[[#This Row],[GÜN TEK]]*Tablo5[[#This Row],[TUTAR]] -> 23400 | I23: =Tablo5[[#This Row],[TOPLAM]]*0.2 -> 4680 | J23: =SUM(Tablo5[[#This Row],[TOPLAM]:[0,20%]]) -> 28080 | K23: =Tablo5[[#This Row],[TOPLAM]]*0.1 -> 2340 | L23: =Tablo5[[#This Row],[TOPLAM]]+Tablo5[[#This Row],[0,20%]]-Tablo5[[#This Row],[0,10%]] -> 25740
A24: BAŞAK TRAKTÖR | B24: YENİCAMİ/SALKO CAMİİ | C24: UGUR ERGEZEN | E24: GRŞ/ÇKŞ | F24: 16.5 | G24: 1800 | H24: =Tablo5[[#This Row],[GÜN TEK]]*Tablo5[[#This Row],[TUTAR]] -> 29700 | I24: =Tablo5[[#This Row],[TOPLAM]]*0.2 -> 5940 | J24: =SUM(Tablo5[[#This Row],[TOPLAM]:[0,20%]]) -> 35640 | K24: =Tablo5[[#This Row],[TOPLAM]]*0.1 -> 2970 | L24: =Tablo5[[#This Row],[TOPLAM]]+Tablo5[[#This Row],[0,20%]]-Tablo5[[#This Row],[0,10%]] -> 32670
A25: BAŞAK TRAKTÖR | B25: YENİCAMİ MESAİ | C25: UGUR ERGEZEN | E25: MESAİ | H25: =Tablo5[[#This Row],[GÜN TEK]]*Tablo5[[#This Row],[TUTAR]] -> 0 | I25: =Tablo5[[#This Row],[TOPLAM]]*0.2 -> 0 | J25: =SUM(Tablo5[[#This Row],[TOPLAM]:[0,20%]]) -> 0 | K25: =Tablo5[[#This Row],[TOPLAM]]*0.1 -> 0 | L25: =Tablo5[[#This Row],[TOPLAM]]+Tablo5[[#This Row],[0,20%]]-Tablo5[[#This Row],[0,10%]] -> 0
A26: BAŞAK TRAKTÖR | B26: AKYAZI | C26: GÖKHAN IŞIK | E26: GRŞ/ÇKŞ | F26: 17 | G26: 2500 | H26: =Tablo5[[#This Row],[GÜN TEK]]*Tablo5[[#This Row],[TUTAR]] -> 42500 | I26: =Tablo5[[#This Row],[TOPLAM]]*0.2 -> 8500 | J26: =SUM(Tablo5[[#This Row],[TOPLAM]:[0,20%]]) -> 51000 | K26: =Tablo5[[#This Row],[TOPLAM]]*0.1 -> 4250 | L26: =Tablo5[[#This Row],[TOPLAM]]+Tablo5[[#This Row],[0,20%]]-Tablo5[[#This Row],[0,10%]] -> 46750
A27: BAŞAK TRAKTÖR | B27: AKYAZI MESAİ | C27: GÖKHAN IŞIK | E27: MESAİ | H27: =Tablo5[[#This Row],[GÜN TEK]]*Tablo5[[#This Row],[TUTAR]] -> 0 | I27: =Tablo5[[#This Row],[TOPLAM]]*0.2 -> 0 | J27: =SUM(Tablo5[[#This Row],[TOPLAM]:[0,20%]]) -> 0 | K27: =Tablo5[[#This Row],[TOPLAM]]*0.1 -> 0 | L27: =Tablo5[[#This Row],[TOPLAM]]+Tablo5[[#This Row],[0,20%]]-Tablo5[[#This Row],[0,10%]] -> 0
A28: BAŞAK TRAKTÖR | B28: YENİCAMİ/MRK/İŞ BANK | C28: SERHAT TURAN TUR | E28: GRŞ/ÇKŞ | G28: 1800 | H28: =Tablo5[[#This Row],[GÜN TEK]]*Tablo5[[#This Row],[TUTAR]] -> 0 | I28: =Tablo5[[#This Row],[TOPLAM]]*0.2 -> 0 | J28: =SUM(Tablo5[[#This Row],[TOPLAM]:[0,20%]]) -> 0 | K28: =Tablo5[[#This Row],[TOPLAM]]*0.1 -> 0 | L28: =Tablo5[[#This Row],[TOPLAM]]+Tablo5[[#This Row],[0,20%]]-Tablo5[[#This Row],[0,10%]] -> 0
A29: BAŞAK TRAKTÖR | B29: GÜNEŞLER/E.GRJ/E OKULU | C29: ERMAN TUR | E29: GRŞ/ÇKŞ | F29: 13 | G29: 1800 | H29: =Tablo5[[#This Row],[GÜN TEK]]*Tablo5[[#This Row],[TUTAR]] -> 23400 | I29: =Tablo5[[#This Row],[TOPLAM]]*0.2 -> 4680 | J29: =SUM(Tablo5[[#This Row],[TOPLAM]:[0,20%]]) -> 28080 | K29: =Tablo5[[#This Row],[TOPLAM]]*0.1 -> 2340 | L29: =Tablo5[[#This Row],[TOPLAM]]+Tablo5[[#This Row],[0,20%]]-Tablo5[[#This Row],[0,10%]] -> 25740
A30: BAŞAK TRAKTÖR | B30: MESAİ | C30: ERMAN TUR | E30: MESAİ | H30: =Tablo5[[#This Row],[GÜN TEK]]*Tablo5[[#This Row],[TUTAR]] -> 0 | I30: =Tablo5[[#This Row],[TOPLAM]]*0.2 -> 0 | J30: =SUM(Tablo5[[#This Row],[TOPLAM]:[0,20%]]) -> 0 | K30: =Tablo5[[#This Row],[TOPLAM]]*0.1 -> 0 | L30: =Tablo5[[#This Row],[TOPLAM]]+Tablo5[[#This Row],[0,20%]]-Tablo5[[#This Row],[0,10%]] -> 0
A31: BAŞAK TRAKTÖR | B31: FATİH E.MES.K.DİBİ TUZLA | C31: GÜVEN TUR | E31: GRŞ/ÇKŞ | F31: 13 | G31: 1800 | H31: =Tablo5[[#This Row],[GÜN TEK]]*Tablo5[[#This Row],[TUTAR]] -> 23400 | I31: =Tablo5[[#This Row],[TOPLAM]]*0.2 -> 4680 | J31: =SUM(Tablo5[[#This Row],[TOPLAM]:[0,20%]]) -> 28080 | K31: =Tablo5[[#This Row],[TOPLAM]]*0.1 -> 2340 | L31: =Tablo5[[#This Row],[TOPLAM]]+Tablo5[[#This Row],[0,20%]]-Tablo5[[#This Row],[0,10%]] -> 25740
A32: BAŞAK TRAKTÖR | B32: KARAMAN EVRENKÖY | C32: VEYSEL KARATAŞ | E32: GRŞ/ÇKŞ | F32: 10.5 | G32: 2300 | H32: =Tablo5[[#This Row],[GÜN TEK]]*Tablo5[[#This Row],[TUTAR]] -> 24150 | I32: =Tablo5[[#This Row],[TOPLAM]]*0.2 -> 4830 | J32: =SUM(Tablo5[[#This Row],[TOPLAM]:[0,20%]]) -> 28980 | K32: =Tablo5[[#This Row],[TOPLAM]]*0.1 -> 2415 | L32: =Tablo5[[#This Row],[TOPLAM]]+Tablo5[[#This Row],[0,20%]]-Tablo5[[#This Row],[0,10%]] -> 26565
A33: BAŞAK TRAKTÖR | B33: GÜLLÜK CAMİ/TEK | C33: KADİR TUNCEL | E33: GRŞ/ÇKŞ | F33: 13 | G33: 1800 | H33: =Tablo5[[#This Row],[GÜN TEK]]*Tablo5[[#This Row],[TUTAR]] -> 23400 | I33: =Tablo5[[#This Row],[TOPLAM]]*0.2 -> 4680 | J33: =SUM(Tablo5[[#This Row],[TOPLAM]:[0,20%]]) -> 28080 | K33: =Tablo5[[#This Row],[TOPLAM]]*0.1 -> 2340 | L33: =Tablo5[[#This Row],[TOPLAM]]+Tablo5[[#This Row],[0,20%]]-Tablo5[[#This Row],[0,10%]] -> 25740
A34: BAŞAK TRAKTÖR | B34: GEYVE | C34: İBRAHİM AKKUŞ | E34: GRŞ/ÇKŞ | F34: 17 | G34: 2900 | H34: =Tablo5[[#This Row],[GÜN TEK]]*Tablo5[[#This Row],[TUTAR]] -> 49300 | I34: =Tablo5[[#This Row],[TOPLAM]]*0.2 -> 9860 | J34: =SUM(Tablo5[[#This Row],[TOPLAM]:[0,20%]]) -> 59160 | K34: =Tablo5[[#This Row],[TOPLAM]]*0.1 -> 4930 | L34: =Tablo5[[#This Row],[TOPLAM]]+Tablo5[[#This Row],[0,20%]]-Tablo5[[#This Row],[0,10%]] -> 54230
A35: BAŞAK TRAKTÖR | B35: MESAİ | C35: İBRAHİM AKKUŞ | E35: MESAİ | H35: =Tablo5[[#This Row],[GÜN TEK]]*Tablo5[[#This Row],[TUTAR]] -> 0 | I35: =Tablo5[[#This Row],[TOPLAM]]*0.2 -> 0 | J35: =SUM(Tablo5[[#This Row],[TOPLAM]:[0,20%]]) -> 0 | K35: =Tablo5[[#This Row],[TOPLAM]]*0.1 -> 0 | L35: =Tablo5[[#This Row],[TOPLAM]]+Tablo5[[#This Row],[0,20%]]-Tablo5[[#This Row],[0,10%]] -> 0
A36: BAŞAK TRAKTÖR | B36: TÜRBE /HIZIRTEPE | C36: KADİR TUNCEL | E36: GRŞ/ÇKŞ | F36: 13 | G36: 1800 | H36: =Tablo5[[#This Row],[GÜN TEK]]*Tablo5[[#This Row],[TUTAR]] -> 23400 | I36: =Tablo5[[#This Row],[TOPLAM]]*0.2 -> 4680 | J36: =SUM(Tablo5[[#This Row],[TOPLAM]:[0,20%]]) -> 28080 | K36: =Tablo5[[#This Row],[TOPLAM]]*0.1 -> 2340 | L36: =Tablo5[[#This Row],[TOPLAM]]+Tablo5[[#This Row],[0,20%]]-Tablo5[[#This Row],[0,10%]] -> 25740
A37: BAŞAK TRAKTÖR | B37: DAĞDİBİ ÇEVRE YOLU | C37: EMİN-ARZU DİNDAROĞLU | E37: GRŞ/ÇKŞ | F37: 13 | G37: 1800 | H37: =Tablo5[[#This Row],[GÜN TEK]]*Tablo5[[#This Row],[TUTAR]] -> 23400 | I37: =Tablo5[[#This Row],[TOPLAM]]*0.2 -> 4680 | J37: =SUM(Tablo5[[#This Row],[TOPLAM]:[0,20%]]) -> 28080 | K37: =Tablo5[[#This Row],[TOPLAM]]*0.1 -> 2340 | L37: =Tablo5[[#This Row],[TOPLAM]]+Tablo5[[#This Row],[0,20%]]-Tablo5[[#This Row],[0,10%]] -> 25740
A38: BAŞAK TRAKTÖR | B38: ARİFİYE/AKÇAMLAR | C38: REMZİ/HÜRREM DORUK | E38: GRŞ/ÇKŞ | F38: 13 | G38: 1800 | H38: =Tablo5[[#This Row],[GÜN TEK]]*Tablo5[[#This Row],[TUTAR]] -> 23400 | J38: =SUM(Tablo5[[#This Row],[TOPLAM]:[0,20%]]) -> 23400 | L38: =Tablo5[[#This Row],[TOPLAM]]+Tablo5[[#This Row],[0,20%]]-Tablo5[[#This Row],[0,10%]] -> 23400
A39: BAŞAK TRAKTÖR | B39: AKYAZI/2 | C39: GÖKHAN IŞIK | E39: GRŞ/ÇKŞ | F39: 14 | G39: 2500 | H39: =Tablo5[[#This Row],[GÜN TEK]]*Tablo5[[#This Row],[TUTAR]] -> 35000 | I39: =Tablo5[[#This Row],[TOPLAM]]*0.2 -> 7000 | J39: =SUM(Tablo5[[#This Row],[TOPLAM]:[0,20%]]) -> 42000 | K39: =Tablo5[[#This Row],[TOPLAM]]*0.1 -> 3500 | L39: =Tablo5[[#This Row],[TOPLAM]]+Tablo5[[#This Row],[0,20%]]-Tablo5[[#This Row],[0,10%]] -> 38500
A40: BAŞAK TRAKTÖR | B40: ÇATALKÖPRÜ/AKYAZI MESAİ | C40: GÖKHAN IŞIK | E40: MESAİ | H40: =Tablo5[[#This Row],[GÜN TEK]]*Tablo5[[#This Row],[TUTAR]] -> 0 | I40: =Tablo5[[#This Row],[TOPLAM]]*0.2 -> 0 | J40: =SUM(Tablo5[[#This Row],[TOPLAM]:[0,20%]]) -> 0 | K40: =Tablo5[[#This Row],[TOPLAM]]*0.1 -> 0 | L40: =Tablo5[[#This Row],[TOPLAM]]+Tablo5[[#This Row],[0,20%]]-Tablo5[[#This Row],[0,10%]] -> 0
A41: BAŞAK TRAKTÖR | B41: KARAPÜRÇEK/EKİNLİ/ÇAYBAŞI | C41: RAMİS -HAKAN GÜMÜŞ | E41: GRŞ/ÇKŞ | F41: 17 | G41: 2650 | H41: =Tablo5[[#This Row],[GÜN TEK]]*Tablo5[[#This Row],[TUTAR]] -> 45050 | I41: =Tablo5[[#This Row],[TOPLAM]]*0.2 -> 9010 | J41: =SUM(Tablo5[[#This Row],[TOPLAM]:[0,20%]]) -> 54060 | K41: =Tablo5[[#This Row],[TOPLAM]]*0.1 -> 4505 | L41: =Tablo5[[#This Row],[TOPLAM]]+Tablo5[[#This Row],[0,20%]]-Tablo5[[#This Row],[0,10%]] -> 49555
A42: BAŞAK TRAKTÖR | B42: MESAİ | C42: RAMİS -HAKAN GÜMÜŞ | E42: MESAİ | H42: =Tablo5[[#This Row],[GÜN TEK]]*Tablo5[[#This Row],[TUTAR]] -> 0 | I42: =Tablo5[[#This Row],[TOPLAM]]*0.2 -> 0 | J42: =SUM(Tablo5[[#This Row],[TOPLAM]:[0,20%]]) -> 0 | K42: =Tablo5[[#This Row],[TOPLAM]]*0.1 -> 0 | L42: =Tablo5[[#This Row],[TOPLAM]]+Tablo5[[#This Row],[0,20%]]-Tablo5[[#This Row],[0,10%]] -> 0
A43: BAŞAK TRAKTÖR | B43: YORGALAR KUMKÖY-ALKİD | C43: SERHAT TURAN TUR | E43: GRŞ/ÇKŞ | G43: 1800 | H43: =Tablo5[[#This Row],[GÜN TEK]]*Tablo5[[#This Row],[TUTAR]] -> 0 | I43: =Tablo5[[#This Row],[TOPLAM]]*0.2 -> 0 | J43: =SUM(Tablo5[[#This Row],[TOPLAM]:[0,20%]]) -> 0 | K43: =Tablo5[[#This Row],[TOPLAM]]*0.1 -> 0 | L43: =Tablo5[[#This Row],[TOPLAM]]+Tablo5[[#This Row],[0,20%]]-Tablo5[[#This Row],[0,10%]] -> 0
A44: BAŞAK TRAKTÖR | B44: AŞIRLAR YAZLIK | C44: RAMAZAN /MERVE YILMAZ | E44: GRŞ/ÇKŞ | F44: 14 | G44: 2650 | H44: =Tablo5[[#This Row],[GÜN TEK]]*Tablo5[[#This Row],[TUTAR]] -> 37100 | I44: =Tablo5[[#This Row],[TOPLAM]]*0.2 -> 7420 | J44: =SUM(Tablo5[[#This Row],[TOPLAM]:[0,20%]]) -> 44520 | K44: =Tablo5[[#This Row],[TOPLAM]]*0.1 -> 3710 | L44: =Tablo5[[#This Row],[TOPLAM]]+Tablo5[[#This Row],[0,20%]]-Tablo5[[#This Row],[0,10%]] -> 40810
A45: BAŞAK TRAKTÖR | B45: SERD 2/ARABACI ALANI LOJ. | C45: NURİ ŞAHİN ESTUR LIVIN | E45: GRŞ/ÇKŞ | F45: 15 | G45: 1800 | H45: =Tablo5[[#This Row],[GÜN TEK]]*Tablo5[[#This Row],[TUTAR]] -> 27000 | I45: =Tablo5[[#This Row],[TOPLAM]]*0.2 -> 5400 | J45: =SUM(Tablo5[[#This Row],[TOPLAM]:[0,20%]]) -> 32400 | K45: =Tablo5[[#This Row],[TOPLAM]]*0.1 -> 2700 | L45: =Tablo5[[#This Row],[TOPLAM]]+Tablo5[[#This Row],[0,20%]]-Tablo5[[#This Row],[0,10%]] -> 29700
A46: BAŞAK TRAKTÖR | B46: FERİZLİ SÖĞÜTLÜ/AKARCA | C46: EMİRCAN KURT | E46: GRŞ/ÇKŞ | F46: 13 | G46: 3100 | H46: =Tablo5[[#This Row],[GÜN TEK]]*Tablo5[[#This Row],[TUTAR]] -> 40300 | I46: =Tablo5[[#This Row],[TOPLAM]]*0.2 -> 8060 | J46: =SUM(Tablo5[[#This Row],[TOPLAM]:[0,20%]]) -> 48360 | K46: =Tablo5[[#This Row],[TOPLAM]]*0.1 -> 4030 | L46: =Tablo5[[#This Row],[TOPLAM]]+Tablo5[[#This Row],[0,20%]]-Tablo5[[#This Row],[0,10%]] -> 44330
A47: BAŞAK TRAKTÖR | B47: ARİFİYE/HANLIKÖY | C47: MUSTAFA ÖZTÜRK | E47: GRŞ/ÇKŞ | F47: 13 | G47: 1800 | H47: =Tablo5[[#This Row],[GÜN TEK]]*Tablo5[[#This Row],[TUTAR]] -> 23400 | I47: =Tablo5[[#This Row],[TOPLAM]]*0.2 -> 4680 | J47: =SUM(Tablo5[[#This Row],[TOPLAM]:[0,20%]]) -> 28080 | K47: =Tablo5[[#This Row],[TOPLAM]]*0.1 -> 2340 | L47: =Tablo5[[#This Row],[TOPLAM]]+Tablo5[[#This Row],[0,20%]]-Tablo5[[#This Row],[0,10%]] -> 25740
A48: BAŞAK TRAKTÖR | B48: VRD ÇARŞI/1/16 GRŞ/ÇIK | C48: EMİRCAN KURT | E48: VRD | F48: 39 | G48: 900 | H48: =Tablo5[[#This Row],[GÜN TEK]]*Tablo5[[#This Row],[TUTAR]] -> 35100 | I48: =Tablo5[[#This Row],[TOPLAM]]*0.2 -> 7020 | J48: =SUM(Tablo5[[#This Row],[TOPLAM]:[0,20%]]) -> 42120 | K48: =Tablo5[[#This Row],[TOPLAM]]*0.1 -> 3510 | L48: =Tablo5[[#This Row],[TOPLAM]]+Tablo5[[#This Row],[0,20%]]-Tablo5[[#This Row],[0,10%]] -> 38610
A49: BAŞAK TRAKTÖR | B49: VRD ÇARŞI/1/16 GRŞ/ÇIK | C49: EMİRCAN KURT | E49: VRD | F49: 16 | G49: 900 | H49: =Tablo5[[#This Row],[GÜN TEK]]*Tablo5[[#This Row],[TUTAR]] -> 14400 | I49: =Tablo5[[#This Row],[TOPLAM]]*0.2 -> 2880 | J49: =SUM(Tablo5[[#This Row],[TOPLAM]:[0,20%]]) -> 17280 | K49: =Tablo5[[#This Row],[TOPLAM]]*0.1 -> 1440 | L49: =Tablo5[[#This Row],[TOPLAM]]+Tablo5[[#This Row],[0,20%]]-Tablo5[[#This Row],[0,10%]] -> 15840
A50: BAŞAK TRAKTÖR | B50: VRD ÇARŞI/1/16 GRŞ/ÇIK | C50: SERKAN AKKOYUN | E50: VRD | F50: 1 | G50: 850 | H50: =Tablo5[[#This Row],[GÜN TEK]]*Tablo5[[#This Row],[TUTAR]] -> 850 | I50: =Tablo5[[#This Row],[TOPLAM]]*0.2 -> 170 | J50: =SUM(Tablo5[[#This Row],[TOPLAM]:[0,20%]]) -> 1020 | K50: =Tablo5[[#This Row],[TOPLAM]]*0.1 -> 85 | L50: =Tablo5[[#This Row],[TOPLAM]]+Tablo5[[#This Row],[0,20%]]-Tablo5[[#This Row],[0,10%]] -> 935
A51: BAŞAK TRAKTÖR | B51: GECE VRD ARALIK | C51: EMİRCAN KURT | E51: VRD | F51: 18 | G51: 1000 | H51: =Tablo5[[#This Row],[GÜN TEK]]*Tablo5[[#This Row],[TUTAR]] -> 18000 | I51: =Tablo5[[#This Row],[TOPLAM]]*0.2 -> 3600 | J51: =SUM(Tablo5[[#This Row],[TOPLAM]:[0,20%]]) -> 21600 | K51: =Tablo5[[#This Row],[TOPLAM]]*0.1 -> 1800 | L51: =Tablo5[[#This Row],[TOPLAM]]+Tablo5[[#This Row],[0,20%]]-Tablo5[[#This Row],[0,10%]] -> 19800
A52: BAŞAK TRAKTÖR | B52: Ş.İÇİ VRD GECE 24:00 ÇIKIŞ | C52: Y EMRE OCAK | E52: VRD | F52: 11 | G52: 900 | H52: =Tablo5[[#This Row],[GÜN TEK]]*Tablo5[[#This Row],[TUTAR]] -> 9900 | I52: =Tablo5[[#This Row],[TOPLAM]]*0.2 -> 1980 | J52: =SUM(Tablo5[[#This Row],[TOPLAM]:[0,20%]]) -> 11880 | K52: =Tablo5[[#This Row],[TOPLAM]]*0.1 -> 990 | L52: =Tablo5[[#This Row],[TOPLAM]]+Tablo5[[#This Row],[0,20%]]-Tablo5[[#This Row],[0,10%]] -> 10890
A53: BAŞAK TRAKTÖR | B53: VARDİYE ÇARŞI | C53: EMİRCAN KURT | E53: VRD | F53: 0 | G53: 900 | H53: =Tablo5[[#This Row],[GÜN TEK]]*Tablo5[[#This Row],[TUTAR]] -> 0 | I53: =Tablo5[[#This Row],[TOPLAM]]*0.2 -> 0 | J53: =SUM(Tablo5[[#This Row],[TOPLAM]:[0,20%]]) -> 0 | K53: =Tablo5[[#This Row],[TOPLAM]]*0.1 -> 0 | L53: =Tablo5[[#This Row],[TOPLAM]]+Tablo5[[#This Row],[0,20%]]-Tablo5[[#This Row],[0,10%]] -> 0
A54: BAŞAK TRAKTÖR | B54: VARDİYE KORUCUK | C54: YALÇIN DAMAR | E54: VRD | F54: 51 | G54: 1050 | H54: =Tablo5[[#This Row],[GÜN TEK]]*Tablo5[[#This Row],[TUTAR]] -> 53550 | I54: =Tablo5[[#This Row],[TOPLAM]]*0.2 -> 10710 | J54: =SUM(Tablo5[[#This Row],[TOPLAM]:[0,20%]]) -> 64260 | K54: =Tablo5[[#This Row],[TOPLAM]]*0.1 -> 5355 | L54: =Tablo5[[#This Row],[TOPLAM]]+Tablo5[[#This Row],[0,20%]]-Tablo5[[#This Row],[0,10%]] -> 58905
A55: BAŞAK TRAKTÖR | B55: VARDİYE ÇARŞI | C55: YALÇIN DAMAR | E55: VRD | G55: 900 | H55: =Tablo5[[#This Row],[GÜN TEK]]*Tablo5[[#This Row],[TUTAR]] -> 0 | I55: =Tablo5[[#This Row],[TOPLAM]]*0.2 -> 0 | J55: =SUM(Tablo5[[#This Row],[TOPLAM]:[0,20%]]) -> 0 | K55: =Tablo5[[#This Row],[TOPLAM]]*0.1 -> 0 | L55: =Tablo5[[#This Row],[TOPLAM]]+Tablo5[[#This Row],[0,20%]]-Tablo5[[#This Row],[0,10%]] -> 0
A56: BAŞAK TRAKTÖR | B56: KORUCUK MESAİ | C56: YALÇIN DAMAR | D56: MİN | E56: MESAİ | H56: =Tablo5[[#This Row],[GÜN TEK]]*Tablo5[[#This Row],[TUTAR]] -> 0 | I56: =Tablo5[[#This Row],[TOPLAM]]*0.2 -> 0 | J56: =SUM(Tablo5[[#This Row],[TOPLAM]:[0,20%]]) -> 0 | K56: =Tablo5[[#This Row],[TOPLAM]]*0.1 -> 0 | L56: =Tablo5[[#This Row],[TOPLAM]]+Tablo5[[#This Row],[0,20%]]-Tablo5[[#This Row],[0,10%]] -> 0
A57: BAŞAK TRAKTÖR | B57: ÇÖKLER-BUDKLR-GÜNŞLR | C57: UFUK KÖYMEN | D57: 257YERİNE | E57: TEK | G57: 1500 | H57: =Tablo5[[#This Row],[GÜN TEK]]*Tablo5[[#This Row],[TUTAR]] -> 0 | I57: =Tablo5[[#This Row],[TOPLAM]]*0.2 -> 0 | J57: =SUM(Tablo5[[#This Row],[TOPLAM]:[0,20%]]) -> 0 | K57: =Tablo5[[#This Row],[TOPLAM]]*0.1 -> 0 | L57: =Tablo5[[#This Row],[TOPLAM]]+Tablo5[[#This Row],[0,20%]]-Tablo5[[#This Row],[0,10%]] -> 0
H58: =SUBTOTAL(109,H2:H57) -> 34200 | I58: =SUBTOTAL(109,I2:I57) -> 6840 | J58: =SUBTOTAL(109,J2:J57) -> 41040 | K58: =SUBTOTAL(109,K2:K57) -> 3420 | L58: =SUBTOTAL(109,L2:L57) -> 37620
A60: FİRMA | B60: GÜZERGAH | C60: ŞAHIS | D60: PLAKA | E60: HAREKET | F60: GÜN TEK | G60: TUTAR | H60: TOPLAM | I60: 0,20% | J60: ARA TOP | K60: 0,10% | L60: G TOPLAM
A61: TÜRESAŞ | B61: MEKECE | C61: SERKAN KASAP | E61: GRŞ/ÇKŞ | F61: 19 | G61: 4750 | H61: =Tablo8[[#This Row],[GÜN TEK]]*Tablo8[[#This Row],[TUTAR]] -> 90250 | I61: =Tablo8[[#This Row],[TOPLAM]]*0.2 -> 18050 | J61: =SUM(Tablo8[[#This Row],[TOPLAM]:[0,20%]]) -> 108300 | K61: =Tablo8[[#This Row],[TOPLAM]]*0.1 -> 9025 | L61: =Tablo8[[#This Row],[TOPLAM]]+Tablo8[[#This Row],[0,20%]]-Tablo8[[#This Row],[0,10%]] -> 99275
A62: TÜRESAŞ | B62: GEYVE | C62: SERKAN KASAP | E62: GRŞ/ÇKŞ | F62: 19 | G62: 3500 | H62: =Tablo8[[#This Row],[GÜN TEK]]*Tablo8[[#This Row],[TUTAR]] -> 66500 | I62: =Tablo8[[#This Row],[TOPLAM]]*0.2 -> 13300 | J62: =SUM(Tablo8[[#This Row],[TOPLAM]:[0,20%]]) -> 79800 | K62: =Tablo8[[#This Row],[TOPLAM]]*0.1 -> 6650 | L62: =Tablo8[[#This Row],[TOPLAM]]+Tablo8[[#This Row],[0,20%]]-Tablo8[[#This Row],[0,10%]] -> 73150
A63: TÜRESAŞ | B63: GEYVE | C63: ALİ BAHRİ DEMİR | E63: GRŞ/ÇKŞ | F63: 19 | G63: 3750 | H63: =Tablo8[[#This Row],[GÜN TEK]]*Tablo8[[#This Row],[TUTAR]] -> 71250 | I63: =Tablo8[[#This Row],[TOPLAM]]*0.2 -> 14250 | J63: =SUM(Tablo8[[#This Row],[TOPLAM]:[0,20%]]) -> 85500 | K63: =Tablo8[[#This Row],[TOPLAM]]*0.1 -> 7125 | L63: =Tablo8[[#This Row],[TOPLAM]]+Tablo8[[#This Row],[0,20%]]-Tablo8[[#This Row],[0,10%]] -> 78375
A64: TÜRESAŞ | B64: KURTKÖY | C64: HAMDİ ÖCAL SAPANCA SYH | E64: GRŞ/ÇKŞ | F64: 19 | G64: 3500 | H64: =Tablo8[[#This Row],[GÜN TEK]]*Tablo8[[#This Row],[TUTAR]] -> 66500 | I64: =Tablo8[[#This Row],[TOPLAM]]*0.2 -> 13300 | J64: =SUM(Tablo8[[#This Row],[TOPLAM]:[0,20%]]) -> 79800 | K64: =Tablo8[[#This Row],[TOPLAM]]*0.1 -> 6650 | L64: =Tablo8[[#This Row],[TOPLAM]]+Tablo8[[#This Row],[0,20%]]-Tablo8[[#This Row],[0,10%]] -> 73150
A65: TÜRESAŞ | B65: SAPANCA | C65: ŞABAN ŞİRİN | E65: GRŞ/ÇKŞ | F65: 19 | G65: 3250 | H65: =Tablo8[[#This Row],[GÜN TEK]]*Tablo8[[#This Row],[TUTAR]] -> 61750 | I65: =Tablo8[[#This Row],[TOPLAM]]*0.2 -> 12350 | J65: =SUM(Tablo8[[#This Row],[TOPLAM]:[0,20%]]) -> 74100 | K65: =Tablo8[[#This Row],[TOPLAM]]*0.1 -> 6175 | L65: =Tablo8[[#This Row],[TOPLAM]]+Tablo8[[#This Row],[0,20%]]-Tablo8[[#This Row],[0,10%]] -> 67925
H66: =SUBTOTAL(109,H61:H65) -> 356250 | I66: =SUBTOTAL(109,I61:I65) -> 71250 | J66: =SUBTOTAL(109,J61:J65) -> 427500 | K66: =SUBTOTAL(109,K61:K65) -> 35625 | L66: =SUBTOTAL(109,L61:L65) -> 391875
A69: FİRMA | B69: GÜZERGAH | C69: ŞAHIS | D69: PLAKA | E69: HAREKET | F69: GÜN TEK | G69: TUTAR | H69: TOPLAM | I69: 0,20% | J69: ARA TOP | K69: 0,10% | L69: G TOPLAM
A70: TÜRESAŞ ARAÇ | B70: KİRALIK ARAÇ | C70: YILDIRIM KARDEŞLER | D70: BİNEK | E70: AY | F70: 30 | G70: 1100 | H70: =Tablo812[[#This Row],[GÜN TEK]]*Tablo812[[#This Row],[TUTAR]] -> 33000 | I70: =Tablo812[[#This Row],[TOPLAM]]*0.2 -> 6600 | J70: =SUM(Tablo812[[#This Row],[TOPLAM]:[0,20%]]) -> 39600 | L70: =Tablo812[[#This Row],[TOPLAM]]+Tablo812[[#This Row],[0,20%]]-Tablo812[[#This Row],[0,10%]] -> 39600
A71: TÜRESAŞ ARAÇ | B71: KİRALIK ARAÇ | C71: YILDIRIM KARDEŞLER | D71: BİNEK | E71: AY | F71: 30 | G71: 1100 | H71: =Tablo812[[#This Row],[GÜN TEK]]*Tablo812[[#This Row],[TUTAR]] -> 33000 | I71: =Tablo812[[#This Row],[TOPLAM]]*0.2 -> 6600 | J71: =SUM(Tablo812[[#This Row],[TOPLAM]:[0,20%]]) -> 39600 | L71: =Tablo812[[#This Row],[TOPLAM]]+Tablo812[[#This Row],[0,20%]]-Tablo812[[#This Row],[0,10%]] -> 39600
A72: TÜRESAŞ ARAÇ | B72: KİRALIK ARAÇ | C72: YILDIRIM KARDEŞLER | D72: BİNEK | E72: AY | F72: 30 | G72: 1100 | H72: =Tablo812[[#This Row],[GÜN TEK]]*Tablo812[[#This Row],[TUTAR]] -> 33000 | I72: =Tablo812[[#This Row],[TOPLAM]]*0.2 -> 6600 | J72: =SUM(Tablo812[[#This Row],[TOPLAM]:[0,20%]]) -> 39600 | L72: =Tablo812[[#This Row],[TOPLAM]]+Tablo812[[#This Row],[0,20%]]-Tablo812[[#This Row],[0,10%]] -> 39600
A73: TÜRESAŞ ARAÇ | B73: KİRALIK ARAÇ | C73: YILDIRIM KARDEŞLER | D73: PICUP | E73: AY | F73: 30 | G73: 1265 | H73: =Tablo812[[#This Row],[GÜN TEK]]*Tablo812[[#This Row],[TUTAR]] -> 37950 | I73: =Tablo812[[#This Row],[TOPLAM]]*0.2 -> 7590 | J73: =SUM(Tablo812[[#This Row],[TOPLAM]:[0,20%]]) -> 45540 | L73: =Tablo812[[#This Row],[TOPLAM]]+Tablo812[[#This Row],[0,20%]]-Tablo812[[#This Row],[0,10%]] -> 45540
A74: TÜRESAŞ ARAÇ | B74: HGS | C74: YILDIRIM KARDEŞLER | E74: HGS | F74: 1 | G74: 5680 | H74: =Tablo812[[#This Row],[GÜN TEK]]*Tablo812[[#This Row],[TUTAR]] -> 5680 | I74: =Tablo812[[#This Row],[TOPLAM]]*0.2 -> 1136 | J74: =SUM(Tablo812[[#This Row],[TOPLAM]:[0,20%]]) -> 6816 | L74: =Tablo812[[#This Row],[TOPLAM]]+Tablo812[[#This Row],[0,20%]]-Tablo812[[#This Row],[0,10%]] -> 6816
A75: TÜRESAŞ ARAÇ | B75: KİRALIK ARAÇ | C75: ÖZCAN KURT | D75: PICUP | E75: AY | F75: 30 | G75: 1335 | H75: =Tablo812[[#This Row],[GÜN TEK]]*Tablo812[[#This Row],[TUTAR]] -> 40050 | I75: =Tablo812[[#This Row],[TOPLAM]]*0.2 -> 8010 | J75: =SUM(Tablo812[[#This Row],[TOPLAM]:[0,20%]]) -> 48060 | L75: =Tablo812[[#This Row],[TOPLAM]]+Tablo812[[#This Row],[0,20%]]-Tablo812[[#This Row],[0,10%]] -> 48060
H76: =SUBTOTAL(109,H70:H75) -> 182680 | I76: =SUBTOTAL(109,I70:I75) -> 36536 | J76: =SUBTOTAL(109,J70:J75) -> 219216 | K76: =SUBTOTAL(109,K70:K75) -> 0 | L76: =SUBTOTAL(109,L70:L75) -> 219216
A78: FİRMA | B78: GÜZERGAH | C78: ŞAHIS | D78: PLAKA | E78: HAREKET | F78: GÜN TEK | G78: TUTAR | H78: TOPLAM | I78: 0,20% | J78: ARA TOP | K78: 0,10% | L78: G TOPLAM
A79: ALYAN GIDA | B79: ADAPAZARI 2 | C79: UFUK KÖYMEN | D79: 54 S 0813 | E79: ÇİFT | F79: 27 | G79: 1700 | H79: =Tablo18[[#This Row],[GÜN TEK]]*Tablo18[[#This Row],[TUTAR]] -> 45900 | I79: =Tablo18[[#This Row],[TOPLAM]]*0.2 -> 9180 | J79: =SUM(Tablo18[[#This Row],[TOPLAM]:[0,20%]]) -> 55080 | K79: =Tablo18[[#This Row],[TOPLAM]]*0.1 -> 4590 | L79: =Tablo18[[#This Row],[TOPLAM]]+Tablo18[[#This Row],[0,20%]]-Tablo18[[#This Row],[0,10%]] -> 50490
A80: ALYAN GIDA | B80: ADAPAZARI 2 | C80: UFUK KÖYMEN | D80: 54 S 0813 | E80: TEK | F80: 29 | G80: 1400 | H80: =Tablo18[[#This Row],[GÜN TEK]]*Tablo18[[#This Row],[TUTAR]] -> 40600 | I80: =Tablo18[[#This Row],[TOPLAM]]*0.2 -> 8120 | J80: =SUM(Tablo18[[#This Row],[TOPLAM]:[0,20%]]) -> 48720 | K80: =Tablo18[[#This Row],[TOPLAM]]*0.1 -> 4060 | L80: =Tablo18[[#This Row],[TOPLAM]]+Tablo18[[#This Row],[0,20%]]-Tablo18[[#This Row],[0,10%]] -> 44660
A81: ALYAN GIDA | B81: 560 YERİNE GECE | C81: UFUK KÖYMEN | D81: 54 S 0813 | E81: ÇİFT | G81: 1700 | H81: =Tablo18[[#This Row],[GÜN TEK]]*Tablo18[[#This Row],[TUTAR]] -> 0 | I81: =Tablo18[[#This Row],[TOPLAM]]*0.2 -> 0 | J81: =SUM(Tablo18[[#This Row],[TOPLAM]:[0,20%]]) -> 0 | K81: =Tablo18[[#This Row],[TOPLAM]]*0.1 -> 0 | L81: =Tablo18[[#This Row],[TOPLAM]]+Tablo18[[#This Row],[0,20%]]-Tablo18[[#This Row],[0,10%]] -> 0
A82: ALYAN GIDA | B82: HENDEK SARIDEDE Y OSM B.T | C82: AHMET ATABEK | D82: 54 S 1187 | E82: ÇİFT | F82: 41 | G82: 1100 | H82: =Tablo18[[#This Row],[GÜN TEK]]*Tablo18[[#This Row],[TUTAR]] -> 45100 | I82: =Tablo18[[#This Row],[TOPLAM]]*0.2 -> 9020 | J82: =SUM(Tablo18[[#This Row],[TOPLAM]:[0,20%]]) -> 54120 | K82: =Tablo18[[#This Row],[TOPLAM]]*0.1 -> 4510 | L82: =Tablo18[[#This Row],[TOPLAM]]+Tablo18[[#This Row],[0,20%]]-Tablo18[[#This Row],[0,10%]] -> 49610
A83: ALYAN GIDA | B83: HENDEK SARIDEDE Y OSM B.T | C83: AHMET ATABEK | D83: 54 S 1187 | E83: TEK | F83: 11 | G83: 900 | H83: =Tablo18[[#This Row],[GÜN TEK]]*Tablo18[[#This Row],[TUTAR]] -> 9900 | I83: =Tablo18[[#This Row],[TOPLAM]]*0.2 -> 1980 | J83: =SUM(Tablo18[[#This Row],[TOPLAM]:[0,20%]]) -> 11880 | K83: =Tablo18[[#This Row],[TOPLAM]]*0.1 -> 990 | L83: =Tablo18[[#This Row],[TOPLAM]]+Tablo18[[#This Row],[0,20%]]-Tablo18[[#This Row],[0,10%]] -> 10890
A84: ALYAN GIDA | B84: HENDEK KÖPRÜBAŞI | C84: HALİL BÜYÜKTANZİM | D84: 54 S 2513 | E84: ÇİFT | F84: 11 | G84: 1100 | H84: =Tablo18[[#This Row],[GÜN TEK]]*Tablo18[[#This Row],[TUTAR]] -> 12100 | I84: =Tablo18[[#This Row],[TOPLAM]]*0.2 -> 2420 | J84: =SUM(Tablo18[[#This Row],[TOPLAM]:[0,20%]]) -> 14520 | K84: =Tablo18[[#This Row],[TOPLAM]]*0.1 -> 1210 | L84: =Tablo18[[#This Row],[TOPLAM]]+Tablo18[[#This Row],[0,20%]]-Tablo18[[#This Row],[0,10%]] -> 13310
A85: ALYAN GIDA | B85: HENDEK KÖPRÜBAŞI | C85: HALİL BÜYÜKTANZİM | D85: 54 S 2513 | E85: TEK | F85: 61 | G85: 900 | H85: =Tablo18[[#This Row],[GÜN TEK]]*Tablo18[[#This Row],[TUTAR]] -> 54900 | I85: =Tablo18[[#This Row],[TOPLAM]]*0.2 -> 10980 | J85: =SUM(Tablo18[[#This Row],[TOPLAM]:[0,20%]]) -> 65880 | K85: =Tablo18[[#This Row],[TOPLAM]]*0.1 -> 5490 | L85: =Tablo18[[#This Row],[TOPLAM]]+Tablo18[[#This Row],[0,20%]]-Tablo18[[#This Row],[0,10%]] -> 60390
A86: ALYAN GIDA | B86: HENDEK KAZİMİYE RASİMPAŞA | C86: ESRA YILMAZ ÖRCÜN dursun yılmaz | D86: 54 S 2849 | E86: ÇİFT | F86: 42 | G86: 1130 | H86: =Tablo18[[#This Row],[GÜN TEK]]*Tablo18[[#This Row],[TUTAR]] -> 47460 | I86: =Tablo18[[#This Row],[TOPLAM]]*0.2 -> 9492 | J86: =SUM(Tablo18[[#This Row],[TOPLAM]:[0,20%]]) -> 56952 | K86: =Tablo18[[#This Row],[TOPLAM]]*0.1 -> 4746 | L86: =Tablo18[[#This Row],[TOPLAM]]+Tablo18[[#This Row],[0,20%]]-Tablo18[[#This Row],[0,10%]] -> 52206
A87: ALYAN GIDA | B87: HENDEK KAZİMİYE RASİMPAŞA | C87: ESRA YILMAZ ÖRCÜN dursun yılmaz | D87: 54 S 2849 | E87: TEK | F87: 11 | G87: 900 | H87: =Tablo18[[#This Row],[GÜN TEK]]*Tablo18[[#This Row],[TUTAR]] -> 9900 | I87: =Tablo18[[#This Row],[TOPLAM]]*0.2 -> 1980 | J87: =SUM(Tablo18[[#This Row],[TOPLAM]:[0,20%]]) -> 11880 | K87: =Tablo18[[#This Row],[TOPLAM]]*0.1 -> 990 | L87: =Tablo18[[#This Row],[TOPLAM]]+Tablo18[[#This Row],[0,20%]]-Tablo18[[#This Row],[0,10%]] -> 10890
A88: ALYAN GIDA | B88: HENDEK MEMUR | C88: ADİL YILMAZ | D88: 54 S 0657 | E88: TEK | F88: 43 | G88: 900 | H88: =Tablo18[[#This Row],[GÜN TEK]]*Tablo18[[#This Row],[TUTAR]] -> 38700 | I88: =Tablo18[[#This Row],[TOPLAM]]*0.2 -> 7740 | J88: =SUM(Tablo18[[#This Row],[TOPLAM]:[0,20%]]) -> 46440 | K88: =Tablo18[[#This Row],[TOPLAM]]*0.1 -> 3870 | L88: =Tablo18[[#This Row],[TOPLAM]]+Tablo18[[#This Row],[0,20%]]-Tablo18[[#This Row],[0,10%]] -> 42570
A89: ALYAN GIDA | B89: HENDEK YENİMAHALLE SGK 2 | C89: MUSTAFA KARAGÜZEL | D89: 54 S 1291 | E89: ÇİFT | F89: 42 | G89: 1100 | H89: =Tablo18[[#This Row],[GÜN TEK]]*Tablo18[[#This Row],[TUTAR]] -> 46200 | I89: =Tablo18[[#This Row],[TOPLAM]]*0.2 -> 9240 | J89: =SUM(Tablo18[[#This Row],[TOPLAM]:[0,20%]]) -> 55440 | K89: =Tablo18[[#This Row],[TOPLAM]]*0.1 -> 4620 | L89: =Tablo18[[#This Row],[TOPLAM]]+Tablo18[[#This Row],[0,20%]]-Tablo18[[#This Row],[0,10%]] -> 50820
A90: ALYAN GIDA | B90: HENDEK YENİMAHALLE SGK 2 | C90: MUSTAFA KARAGÜZEL | D90: 54 S 1291 | E90: TEK | F90: 8 | G90: 900 | H90: =Tablo18[[#This Row],[GÜN TEK]]*Tablo18[[#This Row],[TUTAR]] -> 7200 | I90: =Tablo18[[#This Row],[TOPLAM]]*0.2 -> 1440 | J90: =SUM(Tablo18[[#This Row],[TOPLAM]:[0,20%]]) -> 8640 | K90: =Tablo18[[#This Row],[TOPLAM]]*0.1 -> 720 | L90: =Tablo18[[#This Row],[TOPLAM]]+Tablo18[[#This Row],[0,20%]]-Tablo18[[#This Row],[0,10%]] -> 7920
A91: ALYAN GIDA | B91: HENDEK DÜZYAZI/PUNA | C91: MUSTAFA KARAGÜZEL | D91: 54 S 1646 | E91: ÇİFT | G91: 1250 | H91: =Tablo18[[#This Row],[GÜN TEK]]*Tablo18[[#This Row],[TUTAR]] -> 0 | I91: =Tablo18[[#This Row],[TOPLAM]]*0.2 -> 0 | J91: =SUM(Tablo18[[#This Row],[TOPLAM]:[0,20%]]) -> 0 | K91: =Tablo18[[#This Row],[TOPLAM]]*0.1 -> 0 | L91: =Tablo18[[#This Row],[TOPLAM]]+Tablo18[[#This Row],[0,20%]]-Tablo18[[#This Row],[0,10%]] -> 0
A92: ALYAN GIDA | B92: HENDEK DÜZYAZI/PUNA | C92: MUSTAFA KARAGÜZEL | D92: 54 S 1646 | E92: TEK | F92: 32 | G92: 1000 | H92: =Tablo18[[#This Row],[GÜN TEK]]*Tablo18[[#This Row],[TUTAR]] -> 32000 | I92: =Tablo18[[#This Row],[TOPLAM]]*0.2 -> 6400 | J92: =SUM(Tablo18[[#This Row],[TOPLAM]:[0,20%]]) -> 38400 | K92: =Tablo18[[#This Row],[TOPLAM]]*0.1 -> 3200 | L92: =Tablo18[[#This Row],[TOPLAM]]+Tablo18[[#This Row],[0,20%]]-Tablo18[[#This Row],[0,10%]] -> 35200
A93: ALYAN GIDA | B93: HENDEK MERKEZ ÇARŞI | C93: BAYRAM YILMAZ | D93: 54 S 1592 | E93: ÇİFT | F93: 46 | G93: 1100 | H93: =Tablo18[[#This Row],[GÜN TEK]]*Tablo18[[#This Row],[TUTAR]] -> 50600 | I93: =Tablo18[[#This Row],[TOPLAM]]*0.2 -> 10120 | J93: =SUM(Tablo18[[#This Row],[TOPLAM]:[0,20%]]) -> 60720 | K93: =Tablo18[[#This Row],[TOPLAM]]*0.1 -> 5060 | L93: =Tablo18[[#This Row],[TOPLAM]]+Tablo18[[#This Row],[0,20%]]-Tablo18[[#This Row],[0,10%]] -> 55660
A94: ALYAN GIDA | B94: HENDEK MERKEZ ÇARŞI | C94: BAYRAM YILMAZ | D94: 54 S 1592 | E94: TEK | F94: 27 | G94: 900 | H94: =Tablo18[[#This Row],[GÜN TEK]]*Tablo18[[#This Row],[TUTAR]] -> 24300 | I94: =Tablo18[[#This Row],[TOPLAM]]*0.2 -> 4860 | J94: =SUM(Tablo18[[#This Row],[TOPLAM]:[0,20%]]) -> 29160 | K94: =Tablo18[[#This Row],[TOPLAM]]*0.1 -> 2430 | L94: =Tablo18[[#This Row],[TOPLAM]]+Tablo18[[#This Row],[0,20%]]-Tablo18[[#This Row],[0,10%]] -> 26730
A95: ALYAN GIDA | B95: HENDEK SU KENARI İLAVE | C95: ADİL YILMAZ E.GÜNEYSU | D95: 54 0881 | E95: ÇİFT | F95: 11 | G95: 1250 | H95: =Tablo18[[#This Row],[GÜN TEK]]*Tablo18[[#This Row],[TUTAR]] -> 13750 | I95: =Tablo18[[#This Row],[TOPLAM]]*0.2 -> 2750 | J95: =SUM(Tablo18[[#This Row],[TOPLAM]:[0,20%]]) -> 16500 | K95: =Tablo18[[#This Row],[TOPLAM]]*0.1 -> 1375 | L95: =Tablo18[[#This Row],[TOPLAM]]+Tablo18[[#This Row],[0,20%]]-Tablo18[[#This Row],[0,10%]] -> 15125
A96: ALYAN GIDA | B96: HENDEK SU KENARI İLAVE | C96: ADİL YILMAZ E.GÜNEYSU | D96: 54 0881 | E96: TEK | F96: 42 | G96: 975 | H96: =Tablo18[[#This Row],[GÜN TEK]]*Tablo18[[#This Row],[TUTAR]] -> 40950 | I96: =Tablo18[[#This Row],[TOPLAM]]*0.2 -> 8190 | J96: =SUM(Tablo18[[#This Row],[TOPLAM]:[0,20%]]) -> 49140 | K96: =Tablo18[[#This Row],[TOPLAM]]*0.1 -> 4095 | L96: =Tablo18[[#This Row],[TOPLAM]]+Tablo18[[#This Row],[0,20%]]-Tablo18[[#This Row],[0,10%]] -> 45045
A97: ALYAN GIDA | B97: HENDEK YENİMAHALLE | C97: ADİL YILMAZ SEFA ÖZPİLAVCI | D97: 54 S 0798 | E97: ÇİFT | F97: 10 | G97: 1100 | H97: =Tablo18[[#This Row],[GÜN TEK]]*Tablo18[[#This Row],[TUTAR]] -> 11000 | I97: =Tablo18[[#This Row],[TOPLAM]]*0.2 -> 2200 | J97: =SUM(Tablo18[[#This Row],[TOPLAM]:[0,20%]]) -> 13200 | K97: =Tablo18[[#This Row],[TOPLAM]]*0.1 -> 1100 | L97: =Tablo18[[#This Row],[TOPLAM]]+Tablo18[[#This Row],[0,20%]]-Tablo18[[#This Row],[0,10%]] -> 12100
A98: ALYAN GIDA | B98: HENDEK YENİMAHALLE | C98: ADİL YILMAZ SEFA ÖZPİLAVCI | D98: 54 S 0798 | E98: TEK | F98: 39 | G98: 900 | H98: =Tablo18[[#This Row],[GÜN TEK]]*Tablo18[[#This Row],[TUTAR]] -> 35100 | I98: =Tablo18[[#This Row],[TOPLAM]]*0.2 -> 7020 | J98: =SUM(Tablo18[[#This Row],[TOPLAM]:[0,20%]]) -> 42120 | K98: =Tablo18[[#This Row],[TOPLAM]]*0.1 -> 3510 | L98: =Tablo18[[#This Row],[TOPLAM]]+Tablo18[[#This Row],[0,20%]]-Tablo18[[#This Row],[0,10%]] -> 38610
A99: ALYAN GIDA | B99: SAPANCA GEZİ | C99: ADİL YILMAZ | D99: 54 S 0657 | E99: TEK | G99: 1400 | H99: =Tablo18[[#This Row],[GÜN TEK]]*Tablo18[[#This Row],[TUTAR]] -> 0 | I99: =Tablo18[[#This Row],[TOPLAM]]*0.2 -> 0 | J99: =SUM(Tablo18[[#This Row],[TOPLAM]:[0,20%]]) -> 0 | K99: =Tablo18[[#This Row],[TOPLAM]]*0.1 -> 0 | L99: =Tablo18[[#This Row],[TOPLAM]]+Tablo18[[#This Row],[0,20%]]-Tablo18[[#This Row],[0,10%]] -> 0
A100: ALYAN GIDA | B100: AKYAZI | C100: GÖKHAN IŞIK | D100: 54 S 2889 | E100: ÇİFT | F100: 45 | G100: 1250 | H100: =Tablo18[[#This Row],[GÜN TEK]]*Tablo18[[#This Row],[TUTAR]] -> 56250 | I100: =Tablo18[[#This Row],[TOPLAM]]*0.2 -> 11250 | J100: =SUM(Tablo18[[#This Row],[TOPLAM]:[0,20%]]) -> 67500 | K100: =Tablo18[[#This Row],[TOPLAM]]*0.1 -> 5625 | L100: =Tablo18[[#This Row],[TOPLAM]]+Tablo18[[#This Row],[0,20%]]-Tablo18[[#This Row],[0,10%]] -> 61875
A101: ALYAN GIDA | B101: AKYAZI | C101: GÖKHAN IŞIK | D101: 54 S 2889 | E101: TEK | F101: 13 | G101: 1175 | H101: =Tablo18[[#This Row],[GÜN TEK]]*Tablo18[[#This Row],[TUTAR]] -> 15275 | I101: =Tablo18[[#This Row],[TOPLAM]]*0.2 -> 3055 | J101: =SUM(Tablo18[[#This Row],[TOPLAM]:[0,20%]]) -> 18330 | K101: =Tablo18[[#This Row],[TOPLAM]]*0.1 -> 1527.5 | L101: =Tablo18[[#This Row],[TOPLAM]]+Tablo18[[#This Row],[0,20%]]-Tablo18[[#This Row],[0,10%]] -> 16802.5
H102: =SUBTOTAL(109,H79:H101) -> 86500 | I102: =Tablo18[[#This Row],[TOPLAM]]*0.2 -> 17300 | J102: =SUM(Tablo18[[#This Row],[TOPLAM]:[0,20%]]) -> 103800 | K102: =Tablo18[[#This Row],[TOPLAM]]*0.1 -> 8650 | L102: =Tablo18[[#This Row],[TOPLAM]]+Tablo18[[#This Row],[0,20%]]-Tablo18[[#This Row],[0,10%]] -> 95150
A104: FİRMA | B104: GÜZERGAH | C104: ŞAHIS | D104: PLAKA | E104: HAREKET | F104: GÜN TEK | G104: TUTAR | H104: TOPLAM | I104: 0,20% | J104: ARA TOP | K104: 0,10% | L104: G TOPLAM
A105: GEDİK DÖKÜM | B105: ADAPAZARI1//SERDİVAN | C105: UFUK KÖYMEN | D105: 54 S 0813 | E105: GRŞ/ÇKŞ | F105: 18 | G105: 2900 | H105: =Tablo7[[#This Row],[GÜN TEK]]*Tablo7[[#This Row],[TUTAR]] -> 52200 | I105: =Tablo7[[#This Row],[TOPLAM]]*0.2 -> 10440 | J105: =SUM(Tablo7[[#This Row],[TOPLAM]:[0,20%]]) -> 62640 | K105: =Tablo7[[#This Row],[TOPLAM]]*0.1 -> 5220 | L105: =Tablo7[[#This Row],[TOPLAM]]+Tablo7[[#This Row],[0,20%]]-Tablo7[[#This Row],[0,10%]] -> 57420
A106: GEDİK DÖKÜM | B106: ADAPAZARI1//SERDİVAN | C106: UFUK KÖYMEN | D106: 54 S 0813 | E106: TEK ÇIKIŞ | F106: 14 | G106: 1750 | H106: =Tablo7[[#This Row],[GÜN TEK]]*Tablo7[[#This Row],[TUTAR]] -> 24500 | I106: =Tablo7[[#This Row],[TOPLAM]]*0.2 -> 4900 | J106: =SUM(Tablo7[[#This Row],[TOPLAM]:[0,20%]]) -> 29400 | K106: =Tablo7[[#This Row],[TOPLAM]]*0.1 -> 2450 | L106: =Tablo7[[#This Row],[TOPLAM]]+Tablo7[[#This Row],[0,20%]]-Tablo7[[#This Row],[0,10%]] -> 26950
...

Sheet ŞİRKET ARAÇ
A1: XXXXXX | B1: ŞAHIS | C1: PLAKA | D1: GİRİŞ/ÇIKIŞ | F1: TUTAR | G1: TOPLAM | H1: 0.2 | I1: ARA TOP | J1: 0.1 | K1: G TOPLAM
A2: OZANLAR | B2: ASİL TUR | C2: 54 S 0562 | D2: GRŞ/ÇIK | E2: 14 | F2: 3750 | G2: =E2*F2 -> 52500 | H2: =G2*0.2 -> 10500 | I2: =SUM(G2:H2) -> 63000 | J2: =H2/2 -> 5250 | K2: =G2+H2-J2 -> 57750
A3: SERDİVAN 1 | B3: ASİL TUR | C3: 54 S 1173 | D3: GRŞ/ÇIK | E3: 14 | F3: 3750 | G3: =E3*F3 -> 52500 | H3: =G3*0.2 -> 10500 | I3: =SUM(G3:H3) -> 63000 | J3: =H3/2 -> 5250 | K3: =G3+H3-J3 -> 57750
A4: KORUCUK 1 | B4: ASİL TUR | C4: 54 S 0857 | D4: GRŞ/ÇIK | E4: 18 | F4: 5100 | G4: =E4*F4 -> 91800 | H4: =G4*0.2 -> 18360 | J4: =H4/2 -> 9180 | K4: =G4+H4-J4 -> 100980
A5: KORUCUK EVRENKÖY | B5: ASİL TUR | C5: 54 S 0568 | D5: ÇIKIŞ | G5: =E5*F5 -> 0 | H5: =G5*0.2 -> 0 | J5: =H5/2 -> 0 | K5: =G5+H5-J5 -> 0
A6: KORUCUK | B6: ASİL TUR | C6: 54 S 2295 | D6: MESAİ | G6: =E6*F6 -> 0 | H6: =G6*0.2 -> 0 | J6: =H6/2 -> 0 | K6: =G6+H6-J6 -> 0
A7: KORUCUK YAZLIK | B7: ASİL TUR | C7: 54 S 0564 | D7: GRŞ/ÇIK | E7: 14 | F7: 5100 | G7: =E7*F7 -> 71400 | H7: =G7*0.2 -> 14280 | I7: =SUM(G7:H7) -> 85680 | J7: =H7/2 -> 7140 | K7: =G7+H7-J7 -> 78540
A8: KORUCUK YAZLIK | B8: ASİL TUR | C8: 54 S 0565 | D8: MESAİ | G8: =E8*F8 -> 0 | H8: =G8*0.2 -> 0 | I8: =SUM(G8:H8) -> 0 | J8: =H8/2 -> 0 | K8: =G8+H8-J8 -> 0
A9: CAMİLİ KARAMAN | B9: ASİL TUR | C9: 54 S 0565 | D9: GRŞ/ÇIK | E9: 13 | F9: 5100 | G9: =E9*F9 -> 66300 | H9: =G9*0.2 -> 13260 | I9: =SUM(G9:H9) -> 79560 | J9: =H9/2 -> 6630 | K9: =G9+H9-J9 -> 72930
A10: SERDİVAN MAVİ DURAK KAMP | B10: ASİL TUR | C10: 54 S 1194 | D10: GRŞ/ÇIK | E10: 13 | F10: 3750 | G10: =E10*F10 -> 48750 | H10: =G10*0.2 -> 9750 | I10: =SUM(G10:H10) -> 58500 | J10: =H10/2 -> 4875 | K10: =G10+H10-J10 -> 53625
A11: ŞEKER MAH MUHTARLIK | B11: ASİL TUR | C11: 54 S 0563 | D11: AKŞAM ÇIKIŞ | G11: =E11*F11 -> 0 | H11: =G11*0.2 -> 0 | I11: =SUM(G11:H11) -> 0 | J11: =H11/2 -> 0 | K11: =G11+H11-J11 -> 0
A12: ÇARŞI MESAİ | B12: ASİL TUR | C12: 54 S 0567 | D12: MESAİ | G12: =E12*F12 -> 0 | H12: =G12*0.2 -> 0 | I12: =SUM(G12:H12) -> 0 | J12: =H12/2 -> 0 | K12: =G12+H12-J12 -> 0
A13: ÇARŞI MESAİ | B13: ASİL TUR | C13: 54 S 0857 | D13: MESAİ | G13: =E13*F13 -> 0 | H13: =G13*0.2 -> 0 | I13: =SUM(G13:H13) -> 0 | J13: =H13/2 -> 0 | K13: =G13+H13-J13 -> 0
A14: ÇÖKEKLER BUDAKLAR GÜNEŞLER | B14: ASİL TUR | C14: 54 S 0257 | D14: GRŞ/ÇIK | E14: 13 | F14: 3800 | G14: =E14*F14 -> 49400 | H14: =G14*0.2 -> 9880 | I14: =SUM(G14:H14) -> 59280 | J14: =H14/2 -> 4940 | K14: =G14+H14-J14 -> 54340
A15: FERİZLİ SÖĞÜTLÜ | B15: ASİL TUR | C15: 54 S 0563 | D15: TEK | F15: 850 | G15: =E15*F15 -> 0 | H15: =G15*0.2 -> 0 | I15: =SUM(G15:H15) -> 0 | J15: =H15/2 -> 0 | K15: =G15+H15-J15 -> 0
A16: VARDİYE ÇARŞI | B16: ASİL TUR | C16: 54 S 3116 | D16: VRD | G16: =E16*F16 -> 0 | H16: =G16*0.2 -> 0 | I16: =SUM(G16:H16) -> 0 | J16: =H16/2 -> 0 | K16: =G16+H16-J16 -> 0
A17: VARDİYE ÇARŞI | B17: ASİL TUR | C17: 54 S 0856 | D17: VRD | F17: 850 | G17: =E17*F17 -> 0 | H17: =G17*0.2 -> 0 | I17: =SUM(G17:H17) -> 0 | J17: =H17/2 -> 0 | K17: =G17+H17-J17 -> 0
A18: aralık vrd | B18: ASİL TUR | C18: 54 S 858 | D18: VRD | F18: 1007 | G18: =E18*F18 -> 0 | H18: =G18*0.2 -> 0 | I18: =SUM(G18:H18) -> 0 | J18: =H18/2 -> 0 | K18: =G18+H18-J18 -> 0
A19: ÇÖKEKLER - 24 ÇIKIŞ | B19: ASİL TUR | C19: 54 S 0856 | D19: VRD | F19: 624.66 | G19: =E19*F19 -> 0 | H19: =G19*0.2 -> 0 | I19: =SUM(G19:H19) -> 0 | K19: =G19+H19-J19 -> 0
C20: 32000 | G20: =SUM(G2:G19) -> 432650 | H20: =SUM(H2:H19) -> 86530 | I20: =SUM(I2:I19) -> 409020 | J20: =SUM(J2:J19) -> 43265 | K20: =SUM(K2:K19) -> 475915
A23: ZZZZZZ | B23: ŞAHIS | C23: PLAKA | D23: GİRİŞ/ÇIKIŞ | F23: TUTAR | G23: TOPLAM | H23: 0.2 | I23: ARA TOP | J23: 0.1 | K23: G TOPLAM
A24: SAPANCA | B24: ASİL TUR | C24: 54 S 0562 | D24: GİRİŞ/ÇIKIŞ | E24: 19 | F24: 5000 | G24: =E24*F24 -> 95000 | H24: =G24*0.2 -> 19000 | I24: =SUM(G24:H24) -> 114000 | J24: =G24*J23 -> 9500 | K24: =G24+H24-J24 -> 104500
A25: SAPANCA | B25: ASİL TUR | C25: 54 S 0859 | D25: GİRİŞ/ÇIKIŞ | G25: =E25*F25 -> 0 | H25: =G25*0.2 -> 0 | I25: =SUM(G25:H25) -> 0 | J25: =G25*0.1 -> 0 | K25: =G25+H25-J25 -> 0
A26: ZZZZZZ | B26: ASİL TUR | C26: 54 S 0565 | D26: AKŞAM TEK | E26: 19 | F26: 821.25 | G26: =E26*F26 -> 15603.75 | H26: =G26*0.2 -> 3120.75 | I26: =SUM(G26:H26) -> 18724.5 | J26: =G26*0.1 -> 1560.375 | K26: =G26+H26-J26 -> 17164.125
A27: ZZZZZZ | B27: ASİL TUR | C27: 54 S 0564 | D27: TEK SABAH | E27: 19 | F27: 821.25 | G27: =E27*F27 -> 15603.75 | H27: =G27*0.2 -> 3120.75 | I27: =SUM(G27:H27) -> 18724.5 | J27: =G27*0.1 -> 1560.375 | K27: =G27+H27-J27 -> 17164.125
A28: ZZZZZZ | B28: ASİL TUR | C28: 54 S 567-2933 | D28: AKŞAM | E28: 19 | F28: 821.25 | G28: =E28*F28 -> 15603.75 | H28: =G28*0.2 -> 3120.75 | I28: =SUM(G28:H28) -> 18724.5 | J28: =G28*0.1 -> 1560.375 | K28: =G28+H28-J28 -> 17164.125
A29: ZZZZZZ | B29: ASİL TUR | C29: 54 S 0257 | D29: 1 SABAH+1 AKŞAM | E29: 38 | F29: 821.25 | G29: =E29*F29 -> 31207.5 | H29: =G29*0.2 -> 6241.5 | I29: =SUM(G29:H29) -> 37449 | J29: =G29*0.1 -> 3120.75 | K29: =G29+H29-J29 -> 34328.25
A30: ZZZZZZ | B30: ASİL TUR | C30: 54 S 3116 | D30: SABAH 2 TEK | E30: 0 | F30: 821.25 | G30: =E30*F30 -> 0 | H30: =G30*0.2 -> 0 | I30: =SUM(G30:H30) -> 0 | J30: =G30*0.1 -> 0 | K30: =G30+H30-J30 -> 0
A31: ZZZZZZ | B31: ASİL TUR | C31: 54 S 1773 | D31: 2 SABAH+1 AKŞAM | E31: 57 | F31: 821.25 | G31: =E31*F31 -> 46811.25 | H31: =G31*0.2 -> 9362.25 | I31: =SUM(G31:H31) -> 56173.5 | J31: =G31*0.1 -> 4681.125 | K31: =G31+H31-J31 -> 51492.375
A32: ZZZZZZ | B32: ASİL TUR | C32: 54 S 0857 | D32: AKŞAM TEK | E32: 19 | F32: 821.25 | G32: =E32*F32 -> 15603.75 | H32: =G32*0.2 -> 3120.75 | I32: =SUM(G32:H32) -> 18724.5 | J32: =G32*0.1 -> 1560.375 | K32: =G32+H32-J32 -> 17164.125
A33: ZZZZZZ | B33: ASİL TUR | C33: 54 S 1194 | D33: 2 SABAH+1 AKŞAM | E33: 57 | F33: 821.25 | G33: =E33*F33 -> 46811.25 | H33: =G33*0.2 -> 9362.25 | I33: =SUM(G33:H33) -> 56173.5 | J33: =G33*0.1 -> 4681.125 | K33: =G33+H33-J33 -> 51492.375
A34: ZZZZZZ | B34: ASİL TUR | C34: 54 S 0572 | D34: AKŞAM TEK | E34: 19 | F34: 821.25 | G34: =E34*F34 -> 15603.75 | H34: =G34*0.2 -> 3120.75 | I34: =SUM(G34:H34) -> 18724.5 | J34: =G34*0.1 -> 1560.375 | K34: =G34+H34-J34 -> 17164.125
A35: ZZZZZZ | C35: 54 S 2295 | D35: AKŞAM TEK | E35: 19 | F35: 821.25 | G35: =E35*F35 -> 15603.75 | H35: =G35*0.2 -> 3120.75 | I35: =SUM(G35:H35) -> 18724.5 | J35: =G35*0.1 -> 1560.375 | K35: =G35+H35-J35 -> 17164.125
C36: 54 S1773 | D36: AKŞAM TEK | G36: =E36*F36 -> 0 | H36: =G36*0.2 -> 0 | I36: =SUM(G36:H36) -> 0 | J36: =G36*0.1 -> 0 | K36: =G36+H36-J36 -> 0
D37: AKŞAM TEK | G37: =E37*F37 -> 0 | H37: =G37*0.2 -> 0 | I37: =SUM(G37:H37) -> 0 | J37: =G37*0.1 -> 0 | K37: =G37+H37-J37 -> 0
B38: MERKEZ | C38: =P23 -> 0 | D38: FİYAT FARK EFE | G38: =E38*F38 -> 0 | H38: =G38*0.2 -> 0 | I38: =SUM(G38:H38) -> 0 | J38: =G38*0.1 -> 0 | K38: =G38+H38-J38 -> 0
C39: 0.03397999 | D39: SAPANCA FİYAT FARK | G39: =E39*F39 -> 0 | H39: =G39*0.1 -> 0 | I39: =SUM(G39:H39) -> 0 | J39: =G39*0.1 -> 0 | K39: =G39+H39-J39 -> 0
G40: =SUM(G24:G38) -> 313452.5 | H40: =SUM(H24:H38) -> 62690.5 | I40: =SUM(I24:I38) -> 376143 | J40: =SUM(J24:J38) -> 31345.25 | K40: =SUM(K24:K38) -> 344797.75
A42: ZZZZZZZZ | B42: ŞAHIS | C42: PLAKA | D42: GİRİŞ/ÇIKIŞ | F42: TUTAR | G42: TOPLAM | H42: 0.2 | I42: ARA TOP | J42: 0.1 | K42: G TOPLAM
A43: ZZZZZZZZ | B43: VITO | C43: 54 TR 451 | D43: minibüs 8+1 | E43: 30 | F43: 2200 | G43: =E43*F43 -> 66000 | H43: =G43*0.2 -> 13200 | I43: =SUM(G43:H43) -> 79200 | J43: =G43*J42 -> 6600 | K43: =G43+J43 -> 72600
A44: ZZZZZZZZ | B44: VITO | C44: 54 TR 230 | D44: minibüs 8+1 | E44: 30 | F44: 2200 | G44: =E44*F44 -> 66000 | H44: =G44*0.2 -> 13200 | I44: =SUM(G44:H44) -> 79200 | J44: =G44*0.1 -> 6600 | K44: =G44+J44 -> 72600
A45: ZZZZZZZZ | B45: CARAVEL | C45: 54 ADP 558 | D45: minibüs | E45: 30 | F45: 2300 | G45: =E45*F45 -> 69000 | H45: =G45*0.2 -> 13800 | I45: =SUM(G45:H45) -> 82800 | J45: =G45*0.1 -> 6900 | K45: =G45+J45 -> 75900
A46: ZZZZZZZZ | B46: VITO | C46: 54 TR 231 | D46: minibüs 8+1 | E46: 30 | F46: 2000 | G46: =E46*F46 -> 60000 | H46: =G46*0.2 -> 12000 | I46: =SUM(G46:H46) -> 72000 | J46: =G46*0.1 -> 6000 | K46: =G46+J46 -> 66000
A47: ZZZZZZZZ | B47: FORD | C47: 54 AGH 602 | D47: minibüs 8+1 | E47: 30 | F47: 2000 | G47: =E47*F47 -> 60000 | H47: =G47*0.2 -> 12000 | I47: =SUM(G47:H47) -> 72000 | J47: =G47*0.1 -> 6000 | K47: =G47+J47 -> 66000
A48: ZZZZZZZZ | B48: PEUGET | C48: 54 TR | D48: minibüs 8+1 | E48: 30 | F48: 2000 | G48: =E48*F48 -> 60000 | H48: =G48*0.2 -> 12000 | I48: =SUM(G48:H48) -> 72000 | J48: =G48*0.1 -> 6000 | K48: =G48+J48 -> 66000
A49: ZZZZZZZZ | B49: BİNEK | D49: CAMLI PANELVAN | E49: 30 | F49: 1400 | G49: =E49*F49 -> 42000 | H49: =G49*0.2 -> 8400 | I49: =SUM(G49:H49) -> 50400 | J49: =G49*0.1 -> 4200 | K49: =G49+J49 -> 46200
A50: ZZZZZZZZ | B50: BİNEK | D50: CAMLI PANELVAN | E50: 30 | F50: 1400 | G50: =E50*F50 -> 42000 | H50: =G50*0.2 -> 8400 | I50: =SUM(G50:H50) -> 50400 | J50: =G50*0.1 -> 4200 | K50: =G50+J50 -> 46200
A51: ZZZZZZZZ | B51: BİNEK | D51: OTOMOBİL | E51: 30 | F51: 1400 | G51: =E51*F51 -> 42000 | H51: =G51*0.2 -> 8400 | I51: =SUM(G51:H51) -> 50400 | J51: =G51*0.1 -> 4200 | K51: =G51+J51 -> 46200
A52: ZZZZZZZZ | B52: BİNEK | D52: OTOMOBİL | E52: 30 | F52: 1400 | G52: =E52*F52 -> 42000 | H52: =G52*0.2 -> 8400 | I52: =SUM(G52:H52) -> 50400 | J52: =G52*0.1 -> 4200 | K52: =G52+J52 -> 46200
A53: ZZZZZZZZ | B53: BİNEK | D53: OTOMOBİL | E53: 30 | F53: 1400 | G53: =E53*F53 -> 42000 | H53: =G53*0.2 -> 8400 | I53: =SUM(G53:H53) -> 50400 | J53: =G53*0.1 -> 4200 | K53: =G53+J53 -> 46200
A54: ZZZZZZZZ | B54: BİNEK | D54: OTOMOBİL | E54: 30 | F54: 1400 | G54: =E54*F54 -> 42000 | H54: =G54*0.2 -> 8400 | I54: =SUM(G54:H54) -> 50400 | J54: =G54*0.1 -> 4200 | K54: =G54+J54 -> 46200
A55: ZZZZZZZZ | B55: BİNEK | D55: OTOMOBİL | E55: 30 | F55: 1400 | G55: =E55*F55 -> 42000 | H55: =G55*0.2 -> 8400 | I55: =SUM(G55:H55) -> 50400 | J55: =G55*0.1 -> 4200 | K55: =G55+J55 -> 46200
A56: ZZZZZZZZ | B56: BİNEK | D56: OTOMOBİL | E56: 30 | F56: 1400 | G56: =E56*F56 -> 42000 | H56: =G56*0.2 -> 8400 | I56: =SUM(G56:H56) -> 50400 | J56: =G56*0.1 -> 4200 | K56: =G56+J56 -> 46200
A57: ZZZZZZZZ | B57: BİNEK | D57: OTOMOBİL | E57: 30 | F57: 1400 | G57: =E57*F57 -> 42000 | H57: =G57*0.2 -> 8400 | I57: =SUM(G57:H57) -> 50400 | J57: =G57*0.1 -> 4200 | K57: =G57+J57 -> 46200
A58: ZZZZZZZZ | B58: BİNEK | D58: OTOMOBİL | E58: 30 | F58: 1400 | G58: =E58*F58 -> 42000 | H58: =G58*0.2 -> 8400 | I58: =SUM(G58:H58) -> 50400 | J58: =G58*0.1 -> 4200 | K58: =G58+J58 -> 46200
A59: ZZZZZZZZ | B59: BİNEK | D59: PANELVAN KAMYONET | E59: 30 | F59: 1350 | G59: =E59*F59 -> 40500 | H59: =G59*0.2 -> 8100 | I59: =SUM(G59:H59) -> 48600 | J59: =G59*0.1 -> 4050 | K59: =G59+J59 -> 44550
A60: ZZZZZZZZ | B60: PICK-UP | C60: 54 AGN 378 | D60: PICK-UP | E60: 30 | F60: 2100 | G60: =E60*F60 -> 63000 | H60: =G60*0.2 -> 12600 | I60: =SUM(G60:H60) -> 75600 | J60: =G60*0.1 -> 6300 | K60: =G60+J60 -> 69300
A61: ZZZZZZZZ | B61: PICK-UP | C61: 54 AGH 180 | D61: PICK-UP | E61: 30 | F61: 2100 | G61: =E61*F61 -> 63000 | H61: =G61*0.2 -> 12600 | I61: =SUM(G61:H61) -> 75600 | J61: =G61*0.1 -> 6300 | K61: =G61+J61 -> 69300
A62: ZZZZZZZZ | B62: PICK-UP | D62: PICK-UP | E62: 30 | F62: 2100 | G62: =E62*F62 -> 63000 | H62: =G62*0.2 -> 12600 | I62: =SUM(G62:H62) -> 75600 | J62: =G62*0.1 -> 6300 | K62: =G62+J62 -> 69300
G63: =E63*F63 -> 0 | H63: =G63*0.1 -> 0 | I63: =SUM(G63:H63) -> 0 | J63: =(H63)-(H63*9/10) -> 0 | K63: =SUM(G63:H63) -> 0
B64: 2 GÜN MAYIS AYI FATURASINA EKLENECEK | D64: ARAÇ | G64: =SUM(G43:G63) -> 1030500 | H64: =SUM(H43:H63) -> 206100 | I64: =SUM(I43:I63) -> 1236600 | J64: =SUM(J43:J63) -> 103050 | K64: =SUM(K43:K63) -> 1133550
A66: YENİKENT DİYALİZ | B66: ŞAHIS | C66: PLAKA | D66: GİRİŞ/ÇIKIŞ | F66: TUTAR | G66: TOPLAM | H66: 0.18 | I66: ARA TOP | J66: 0.09 | K66: G TOPLAM
A67: YENİKENT DİYALİZ | B67: ASİL TUR | C67: 54 S 0855 | F67: 5.9 | G67: =E67*F67 -> 0 | H67: =G67*0.1 -> 0 | I67: =SUM(G67:H67) -> 0 | J67: =G67*0.09 -> 0 | K67: =SUM(G67:H67) -> 0
A68: YENİKENT DİYALİZ | B68: ASİL TUR | C68: 54 S 0855 | F68: 13 | G68: =E68*F68 -> 0 | H68: =G68*0.1 -> 0 | I68: =SUM(G68:H68) -> 0 | J68: =G68*0.1 -> 0 | K68: =SUM(G68:H68) -> 0
A69: YENİKENT DİYALİZ | B69: ASİL TUR | C69: 54 S 0571 | F69: 13 | G69: =E69*F69 -> 0 | H69: =G69*0.1 -> 0 | I69: =SUM(G69:H69) -> 0 | J69: =G69*0.09 -> 0 | K69: =SUM(G69:H69) -> 0
A70: YENİKENT DİYALİZ | B70: ASİL TUR | C70: 54 S 0571 | F70: 5.9 | G70: =E70*F70 -> 0 | H70: =G70*0.18 -> 0 | I70: =SUM(G70:H70) -> 0 | J70: =G70*0.1 -> 0 | K70: =G70+J70 -> 0
G71: =SUM(G67:G70) -> 0 | H71: =SUM(H67:H70) -> 0 | I71: =SUM(I67:I70) -> 0 | J71: =SUM(J67:J70) -> 0 | K71: =SUM(K67:K70) -> 0
A73: SSSSSSS | B73: ŞAHIS | C73: PLAKA | D73: GİRİŞ/ÇIKIŞ | F73: TUTAR | G73: TOPLAM | H73: 0.2 | I73: ARA TOP | J73: 0.09 | K73: G TOPLAM
A74: SSSSSSS | B74: ASİL TUR | C74: 54 S 2295 | D74: GİRİŞ/ÇIKIŞ | E74: 19 | F74: 4950 | G74: =E74*F74 -> 94050 | H74: =G74*H73 -> 18810 | I74: =SUM(G74:H74) -> 112860 | J74: =G74*0.1 -> 9405 | K74: =G74+J74 -> 103455
A75: SSSSSSS | B75: ASİL TUR | C75: 54 S 0572 | D75: GİRİŞ/ÇIKIŞ | E75: 19 | F75: 4950 | G75: =E75*F75 -> 94050 | H75: =G75*0.2 -> 18810 | I75: =SUM(G75:H75) -> 112860 | J75: =G75*0.1 -> 9405 | K75: =G75+J75 -> 103455
G76: =SUM(G74:G75) -> 188100 | H76: =G76*0.18 -> 33858 | I76: =SUM(G76:H76) -> 221958 | J76: =SUM(J74:J75) -> 18810 | K76: =G76+J76 -> 206910
A78: DDDD | B78: ŞAHIS | C78: PLAKA | D78: GİRİŞ/ÇIKIŞ | F78: TUTAR | G78: TOPLAM | H78: 0.2 | I78: ARA TOP | J78: 0.1 | K78: G TOPLAM
A79: ADAPAZARI1 | B79: ASİL TUR | C79: 54 S 0855 | D79: ÇİFT | E79: 22 | F79: 1900 | G79: =E79*F79 -> 41800 | H79: =G79*0.2 -> 8360 | I79: =SUM(G79:H79) -> 50160 | J79: =G79*0.1 -> 4180 | K79: =G79+H79-J79 -> 45980 | L79: =SUM(K81:K87) -> 142070.5
A80: ADAPAZARI1 | B80: ASİL TUR | C80: 54 S 0855 | D80: TEK | E80: 16 | F80: 1675 | G80: =E80*F80 -> 26800 | H80: =G80*0.2 -> 5360 | I80: =SUM(G80:H80) -> 32160 | J80: =G80*0.1 -> 2680 | K80: =G80+H80-J80 -> 29480
A81: ADAPAZARI2 | B81: ASİL TUR | C81: 54 S 0856 | D81: ÇİFT | E81: 5 | F81: 1900 | G81: =E81*F81 -> 9500 | H81: =G81*0.2 -> 1900 | I81: =SUM(G81:H81) -> 11400 | J81: =G81*0.1 -> 950 | K81: =G81+H81-J81 -> 10450
A82: ADAPAZARI2 | B82: ASİL TUR | C82: 54 S 0856 | D82: TEK | E82: 13 | F82: 1675 | G82: =E82*F82 -> 21775 | H82: =G82*0.2 -> 4355 | I82: =SUM(G82:H82) -> 26130 | J82: =G82*0.1 -> 2177.5 | K82: =G82+H82-J82 -> 23952.5
A83: HENDEK KARATOPRAK | B83: ASİL TUR | C83: 54 S 0573 | D83: ÇİFT | E83: 45 | F83: 1660 | G83: =E83*F83 -> 74700 | H83: =G83*0.2 -> 14940 | I83: =SUM(G83:H83) -> 89640 | J83: =G83*0.1 -> 7470 | K83: =G83+H83-J83 -> 82170
A84: HENDEK SU KENARI | B84: ASİL TUR | C84: 54 S 0573 | D84: TEK | E84: 12 | F84: 1365 | G84: =E84*F84 -> 16380 | H84: =G84*0.2 -> 3276 | I84: =SUM(G84:H84) -> 19656 | J84: =G84*0.1 -> 1638 | K84: =G84+H84-J84 -> 18018
A85: HENDEK KARATOPRAK | B85: ASİL TUR | C85: 54 S 0573 | D85: TEK | E85: 1 | F85: 1700 | G85: =E85*F85 -> 1700 | H85: =G85*0.2 -> 340 | I85: =SUM(G85:H85) -> 2040 | J85: =G85*0.1 -> 170 | K85: =G85+H85-J85 -> 1870
A86: HENDEK KOCAAHMET | B86: ASİL TUR | C86: 54 S 0573 | D86: FİYAT FARK | E86: 30 | F86: 170 | G86: =E86*F86 -> 5100 | H86: =G86*0.2 -> 1020 | I86: =SUM(G86:H86) -> 6120 | J86: =G86*0.1 -> 510 | K86: =G86+H86-J86 -> 5610
A87: HENDEK KOCAAHMET | B87: ASİL TUR | C87: 54 S 0573 | D87: TEK | G87: =E87*F87 -> 0 | H87: =G87*0.2 -> 0 | I87: =SUM(G87:H87) -> 0 | J87: =G87*0.1 -> 0 | K87: =G87+H87-J87 -> 0
A88: FARK | B88: ASİL TUR | C88: 54 S 0573 | D88: 16 ÇIKIŞ | G88: =E88*F88 -> 0 | H88: =G88*0.2 -> 0 | I88: =SUM(G88:H88) -> 0 | J88: =G88*0.1 -> 0 | K88: =G88+H88-J88 -> 0
A89: ADAPAZARI 3 | B89: ASİL TUR | C89: 54 S 0858 | D89: ÇİFT | F89: 1900 | G89: =E89*F89 -> 0 | H89: =G89*0.2 -> 0 | I89: =SUM(G89:H89) -> 0 | J89: =G89*0.1 -> 0 | K89: =G89+H89-J89 -> 0
A90: ADAPAZARI 3 | B90: ASİL TUR | C90: 54 S 0858 | D90: TEK | E90: 32 | F90: 1675 | G90: =E90*F90 -> 53600 | H90: =G90*0.2 -> 10720 | I90: =SUM(G90:H90) -> 64320 | J90: =G90*0.1 -> 5360 | K90: =G90+H90-J90 -> 58960
A91: ADAP 4 | B91: ASİL TUR | C91: 54 S 0856 | D91: 16 ÇIKIŞ | F91: 1150 | G91: =E91*F91 -> 0 | H91: =G91*0.2 -> 0 | K91: =SUM(G91:H91) -> 0
G93: =SUM(G79:G92) -> 251355 | H93: =SUM(H79:H92) -> 50271 | I93: =SUM(I79:I92) -> 301626 | J93: =SUM(J79:J92) -> 25135.5 | K93: =SUM(K79:K92) -> 276490.5
A95: ABC FİRMA | B95: ŞAHIS | C95: PLAKA | D95: GİRİŞ/ÇIKIŞ | F95: TUTAR | G95: TOPLAM | H95: 0.2 | I95: ARA TOP | J95: 0.1 | K95: G TOPLAM
A96: 1 ADAPAZARI VRD | B96: ASİL TUR | C96: 54 S 0560 | D96: VRD | E96: 42 | F96: 970 | G96: =E96*F96 -> 40740 | H96: =G96*H95 -> 8148 | I96: =SUM(G96:H96) -> 48888 | J96: =G96*0.1 -> 4074 | K96: =G96+H96-J96 -> 44814
A97: 1 ADAPAZARI VRD | B97: ASİL TUR | C97: 54 S 0560 | D97: VRD 16:00 ÇIKIŞ | E97: 42 | F97: 2150 | G97: =E97*F97 -> 90300 | H97: =G97*0.02 -> 1806 | I97: =SUM(G97:H97) -> 92106 | J97: =G97*0.1 -> 9030 | K97: =G97+H97-J97 -> 83076
A98: 1 ADP VRD | B98: ASİL TUR | C98: 54 S 0571 | D98: VRD | G98: =E98*F98 -> 0 | H98: =G98*0.2 -> 0 | I98: =SUM(G98:H98) -> 0 | J98: =G98*0.1 -> 0 | K98: =G98+H98-J98 -> 0
A99: 1 ADAPAZARI | B99: ASİL TUR | C99: 54 S 0561 | D99: GRŞ ÇIKIŞ TEK | E99: 42 | F99: 1675 | G99: =E99*F99 -> 70350 | H99: =G99*0.2 -> 14070 | I99: =SUM(G99:H99) -> 84420 | J99: =G99*0.1 -> 7035 | K99: =G99+H99-J99 -> 77385
A100: 1 ADAPAZARI 20 ÇIKIŞ | B100: ASİL TUR | C100: 54 S 0858 | D100: 18:00 ÇIKIŞ | G100: =E100*F100 -> 0 | H100: =G100*0.2 -> 0 | I100: =SUM(G100:H100) -> 0 | J100: =G100*0.1 -> 0 | K100: =G100+H100-J100 -> 0
A101: ADAPAZARI 08:00//18:00 | B101: ASİL TUR | C101: 54 S 0860 | D101: GRŞ/ÇIKIŞ | G101: =E101*F101 -> 0 | H101: =G101*0.2 -> 0 | J101: =G101*0.1 -> 0 | K101: =G101+H101-J101 -> 0
A102: KORUCUK 16 ÇIKIŞ | B102: ASİL TUR | C102: 54 S 0563 | D102: 18 MESAİ | F102: 2150 | G102: =E102*F102 -> 0 | H102: =G102*0.2 -> 0 | I102: =SUM(G102:H102) -> 0 | J102: =G102*0.1 -> 0 | K102: =G102+H102-J102 -> 0
A103: 1 ADAPAZARI PAZAR MESAİ | B103: ASİL TUR | C103: 54 S 0858 | D103: PAZAR MESAİ | G103: =E103*F103 -> 0 | H103: =G103*0.2 -> 0 | I103: =SUM(G103:H103) -> 0 | J103: =G103*0.1 -> 0 | K103: =G103+H103-J103 -> 0
A104: ADAP ERENLR | B104: ASİL TUR | C104: 54 S 0858 | D104: GRŞ-ÇIKIŞTEK | G104: =E104*F104 -> 0 | H104: =G104*0.2 -> 0 | I104: =SUM(G104:H104) -> 0 | J104: =G104*0.1 -> 0 | K104: =G104+H104-J104 -> 0
A105: 2 ADAPAZARI | B105: ASİL TUR | C105: 54 S 0858 | D105: PAZAR MESAİ | G105: =E105*F105 -> 0 | H105: =G105*0.2 -> 0 | I105: =SUM(G105:H105) -> 0 | J105: =G105*0.1 -> 0 | K105: =G105+H105-J105 -> 0
A106: 2 ADAPAZARI 16 ÇIKIŞ | B106: ASİL TUR | C106: 54 S 0570 | D106: ÇIKIŞ | G106: =E106*F106 -> 0 | H106: =G106*0.2 -> 0 | I106: =SUM(G106:H106) -> 0 | J106: =G106*0.1 -> 0 | K106: =G106+H106-J106 -> 0
A107: 1 ADAPAZARI KORUCUK | B107: ASİL TUR | C107: 54 S 2933 | D107: GRŞ ÇIKIŞ TEK | E107: 36 | F107: 2575 | G107: =E107*F107 -> 92700 | H107: =G107*0.2 -> 18540 | I107: =SUM(G107:H107) -> 111240 | J107: =G107*0.1 -> 9270 | K107: =G107+H107-J107 -> 101970
A108: 1 ADAPAZARI KORUCUK | B108: ASİL TUR | C108: 54 S 0563 | D108: 16 ÇIKIŞ | G108: =E108*F108 -> 0 | H108: =G108*0.2 -> 0 | I108: =SUM(G108:H108) -> 0 | J108: =G108*0.1 -> 0 | K108: =G108+H108-J108 -> 0
...

Sheet DAĞILIM
A1: =#REF! -> #REF!
A2: TAVSAN | B2: =#REF! -> #REF! | C2: =#REF! -> #REF! | E2: =#REF! -> #REF! | F2: =#REF! -> #REF! | G2: =#REF! -> #REF! | H2: =#REF! -> #REF! | I2: =#REF! -> #REF! | J2: =#REF! -> #REF! | K2: =#REF! -> #REF! | L2: =#REF! -> #REF!
A3: TANSAN | B3: =#REF! -> #REF! | C3: =#REF! -> #REF! | E3: =#REF! -> #REF! | F3: =#REF! -> #REF! | G3: =#REF! -> #REF! | H3: =#REF! -> #REF! | I3: =#REF! -> #REF! | J3: =#REF! -> #REF! | K3: =#REF! -> #REF! | L3: =#REF! -> #REF!
A4: EĞİTİM | B4: ABDURRAHMAN ONAT | E4: 1 ARAÇ | F4: =#REF! -> #REF! | G4: =#REF! -> #REF! | H4: =F4*G4 -> #REF! | I4: =H4*0.2 -> #REF! | J4: =SUM(H4:I4) -> #REF! | K4: =H4*0.1 -> #REF! | L4: =H4+K4 -> #REF!
H5: =SUM(H2:H4) -> #REF! | I5: =SUM(I2:I4) -> #REF! | J5: =SUM(J2:J4) -> #REF! | K5: =SUM(K2:K4) -> #REF! | L5: =SUM(L2:L4) -> #REF!
A6: ADİL YILMAZ
A7: ='YÜKLENİCİ ARAÇLARI'!A88 -> ALYAN GIDA | B7: ='YÜKLENİCİ ARAÇLARI'!B88 -> HENDEK MEMUR | C7: ='YÜKLENİCİ ARAÇLARI'!C88 -> ADİL YILMAZ | D7: ='YÜKLENİCİ ARAÇLARI'!D88 -> 54 S 0657 | E7: ='YÜKLENİCİ ARAÇLARI'!E88 -> TEK | F7: ='YÜKLENİCİ ARAÇLARI'!F88 -> 43 | G7: ='YÜKLENİCİ ARAÇLARI'!G88 -> 900 | H7: ='YÜKLENİCİ ARAÇLARI'!H88 -> 38700 | ... L7: ='YÜKLENİCİ ARAÇLARI'!L88 -> 42570
A8: ='YÜKLENİCİ ARAÇLARI'!A97 -> ALYAN GIDA | B8: ='YÜKLENİCİ ARAÇLARI'!B97 -> HENDEK YENİMAHALLE | C8: ='YÜKLENİCİ ARAÇLARI'!C97 -> ADİL YILMAZ SEFA ÖZPİLAVCI | D8: ='YÜKLENİCİ ARAÇLARI'!D97 -> 54 S 0798 | E8: ='YÜKLENİCİ ARAÇLARI'!E97 -> ÇİFT | F8: ='YÜKLENİCİ ARAÇLARI'!F97 -> 10 | G8: ='YÜKLENİCİ ARAÇLARI'!G97 -> 1100 | H8: ='YÜKLENİCİ ARAÇLARI'!H97 -> 11000 | ... L8: ='YÜKLENİCİ ARAÇLARI'!L97 -> 12100
A9: ='YÜKLENİCİ ARAÇLARI'!A98 -> ALYAN GIDA | B9: ='YÜKLENİCİ ARAÇLARI'!B98 -> HENDEK YENİMAHALLE | C9: ='YÜKLENİCİ ARAÇLARI'!C98 -> ADİL YILMAZ SEFA ÖZPİLAVCI | D9: ='YÜKLENİCİ ARAÇLARI'!D98 -> 54 S 0798 | E9: ='YÜKLENİCİ ARAÇLARI'!E98 -> TEK | F9: ='YÜKLENİCİ ARAÇLARI'!F98 -> 39 | G9: ='YÜKLENİCİ ARAÇLARI'!G98 -> 900 | H9: ='YÜKLENİCİ ARAÇLARI'!H98 -> 35100 | ... L9: ='YÜKLENİCİ ARAÇLARI'!L98 -> 38610
A10: ='YÜKLENİCİ ARAÇLARI'!A238 -> BURDA BEBEK | B10: ='YÜKLENİCİ ARAÇLARI'!B238 -> MUSTAFA ASIM | C10: ='YÜKLENİCİ ARAÇLARI'!C238 -> ADİL YILMAZ | D10: ='YÜKLENİCİ ARAÇLARI'!D238 -> 0 | E10: ='YÜKLENİCİ ARAÇLARI'!E238 -> GRŞ/ÇK/TEK | F10: ='YÜKLENİCİ ARAÇLARI'!F238 -> 30 | G10: ='YÜKLENİCİ ARAÇLARI'!G238 -> 900 | H10: ='YÜKLENİCİ ARAÇLARI'!H238 -> 27000 | ... L10: ='YÜKLENİCİ ARAÇLARI'!L238 -> 29700
A11: ='YÜKLENİCİ ARAÇLARI'!A95 -> ALYAN GIDA | B11: ='YÜKLENİCİ ARAÇLARI'!B95 -> HENDEK SU KENARI İLAVE | C11: ='YÜKLENİCİ ARAÇLARI'!C95 -> ADİL YILMAZ E.GÜNEYSU | D11: ='YÜKLENİCİ ARAÇLARI'!D95 -> 54 0881 | E11: ='YÜKLENİCİ ARAÇLARI'!E95 -> ÇİFT | F11: ='YÜKLENİCİ ARAÇLARI'!F95 -> 11 | G11: ='YÜKLENİCİ ARAÇLARI'!G95 -> 1250 | H11: ='YÜKLENİCİ ARAÇLARI'!H95 -> 13750 | ... L11: ='YÜKLENİCİ ARAÇLARI'!L95 -> 15125 | M11: 16 çift | N11: =SUM(L11:L12) -> 60170
A12: ='YÜKLENİCİ ARAÇLARI'!A96 -> ALYAN GIDA | B12: ='YÜKLENİCİ ARAÇLARI'!B96 -> HENDEK SU KENARI İLAVE | C12: ='YÜKLENİCİ ARAÇLARI'!C96 -> ADİL YILMAZ E.GÜNEYSU | D12: ='YÜKLENİCİ ARAÇLARI'!D96 -> 54 0881 | E12: ='YÜKLENİCİ ARAÇLARI'!E96 -> TEK | F12: ='YÜKLENİCİ ARAÇLARI'!F96 -> 42 | G12: ='YÜKLENİCİ ARAÇLARI'!G96 -> 975 | H12: ='YÜKLENİCİ ARAÇLARI'!H96 -> 40950 | ... L12: ='YÜKLENİCİ ARAÇLARI'!L96 -> 45045 | M12: 32 tek | N12: 51200
A13: ='YÜKLENİCİ ARAÇLARI'!A290 -> ISILSAN | B13: ='YÜKLENİCİ ARAÇLARI'!B290 -> HENDEK KÖY YEŞİLYURT/YAĞBASAN | C13: ='YÜKLENİCİ ARAÇLARI'!C290 -> ADİL YILMAZ/M ÇİLEK | D13: ='YÜKLENİCİ ARAÇLARI'!D290 -> 55 S 0210 | E13: ='YÜKLENİCİ ARAÇLARI'!E290 -> VRD | F13: ='YÜKLENİCİ ARAÇLARI'!F290 -> 38.5 | G13: ='YÜKLENİCİ ARAÇLARI'!G290 -> 2000 | H13: ='YÜKLENİCİ ARAÇLARI'!H290 -> 77000 | ... L13: ='YÜKLENİCİ ARAÇLARI'!L290 -> 84700 | N13: =N11-N12 -> 8970
A14: ='YÜKLENİCİ ARAÇLARI'!A291 -> ISILSAN | B14: ='YÜKLENİCİ ARAÇLARI'!B291 -> HENDEK KÖY YEŞİLYURT/YAĞBASAN | C14: ='YÜKLENİCİ ARAÇLARI'!C291 -> ADİL YILMAZ/M ÇİLEK | D14: ='YÜKLENİCİ ARAÇLARI'!D291 -> 56 S 0210 | E14: ='YÜKLENİCİ ARAÇLARI'!E291 -> MRK/MES | F14: ='YÜKLENİCİ ARAÇLARI'!F291 -> 7 | G14: ='YÜKLENİCİ ARAÇLARI'!G291 -> 1160 | H14: ='YÜKLENİCİ ARAÇLARI'!H291 -> 8120 | ... L14: ='YÜKLENİCİ ARAÇLARI'!L291 -> 8932
A15: ='YÜKLENİCİ ARAÇLARI'!A292 -> ISILSAN | B15: ='YÜKLENİCİ ARAÇLARI'!B292 -> HENDEK KÖY YEŞİLYURT/YAĞBASAN | C15: ='YÜKLENİCİ ARAÇLARI'!C292 -> ADİL YILMAZ/M ÇİLEK | D15: ='YÜKLENİCİ ARAÇLARI'!D292 -> 57 S 0210 | E15: ='YÜKLENİCİ ARAÇLARI'!E292 -> KÖY/MESAİ | F15: ='YÜKLENİCİ ARAÇLARI'!F292 -> 4 | G15: ='YÜKLENİCİ ARAÇLARI'!G292 -> 1300 | H15: ='YÜKLENİCİ ARAÇLARI'!H292 -> 5200 | ... L15: ='YÜKLENİCİ ARAÇLARI'!L292 -> 5720
A16: ='YÜKLENİCİ ARAÇLARI'!A293 -> ISILSAN | B16: ='YÜKLENİCİ ARAÇLARI'!B293 -> CUMA | C16: ='YÜKLENİCİ ARAÇLARI'!C293 -> ADİL YILMAZ/M ÇİLEK | D16: ='YÜKLENİCİ ARAÇLARI'!D293 -> 58 S 0210 | E16: ='YÜKLENİCİ ARAÇLARI'!E293 -> CUMA | F16: ='YÜKLENİCİ ARAÇLARI'!F293 -> 3 | G16: ='YÜKLENİCİ ARAÇLARI'!G293 -> 900 | H16: ='YÜKLENİCİ ARAÇLARI'!H293 -> 2700 | ... L16: ='YÜKLENİCİ ARAÇLARI'!L293 -> 2970
A17: ='YÜKLENİCİ ARAÇLARI'!A222 -> TAVSAN | B17: ='YÜKLENİCİ ARAÇLARI'!B222 -> HENDEK 4 İLAVE | C17: ='YÜKLENİCİ ARAÇLARI'!C222 -> ADİL YILMAZ | D17: ='YÜKLENİCİ ARAÇLARI'!D222 -> 0 | E17: ='YÜKLENİCİ ARAÇLARI'!E222 -> GRŞ/ÇIKIŞ | F17: ='YÜKLENİCİ ARAÇLARI'!F222 -> 18 | G17: ='YÜKLENİCİ ARAÇLARI'!G222 -> 1800 | H17: ='YÜKLENİCİ ARAÇLARI'!H222 -> 32400 | ... L17: ='YÜKLENİCİ ARAÇLARI'!L222 -> 35640
H18: =SUM(H7:H17) -> 291920 | I18: =SUM(I7:I17) -> 58384 | J18: =SUM(J7:J17) -> 350304 | K18: =SUM(K7:K17) -> 29192 | L18: =SUM(L7:L17) -> 321112
A20: AHMET (ÖMER LÜTFÜ)ATABEK
A21: ='YÜKLENİCİ ARAÇLARI'!A82 -> ALYAN GIDA | B21: ='YÜKLENİCİ ARAÇLARI'!B82 -> HENDEK SARIDEDE Y OSM B.T | C21: ='YÜKLENİCİ ARAÇLARI'!C82 -> AHMET ATABEK | D21: ='YÜKLENİCİ ARAÇLARI'!D82 -> 54 S 1187 | E21: ='YÜKLENİCİ ARAÇLARI'!E82 -> ÇİFT | F21: ='YÜKLENİCİ ARAÇLARI'!F82 -> 41 | G21: ='YÜKLENİCİ ARAÇLARI'!G82 -> 1100 | H21: ='YÜKLENİCİ ARAÇLARI'!H82 -> 45100 | ... L21: ='YÜKLENİCİ ARAÇLARI'!L82 -> 49610
A22: ='YÜKLENİCİ ARAÇLARI'!A83 -> ALYAN GIDA | B22: ='YÜKLENİCİ ARAÇLARI'!B83 -> HENDEK SARIDEDE Y OSM B.T | C22: ='YÜKLENİCİ ARAÇLARI'!C83 -> AHMET ATABEK | D22: ='YÜKLENİCİ ARAÇLARI'!D83 -> 54 S 1187 | E22: ='YÜKLENİCİ ARAÇLARI'!E83 -> TEK | F22: ='YÜKLENİCİ ARAÇLARI'!F83 -> 11 | G22: ='YÜKLENİCİ ARAÇLARI'!G83 -> 900 | H22: ='YÜKLENİCİ ARAÇLARI'!H83 -> 9900 | ... L22: ='YÜKLENİCİ ARAÇLARI'!L83 -> 10890
H23: =SUM(H21:H22) -> 55000 | I23: =SUM(I21:I22) -> 11000 | J23: =SUM(J21:J22) -> 66000 | K23: =SUM(K21:K22) -> 5500 | L23: =SUM(L21:L22) -> 60500
A24: AHMET CAN KAHVECİ
A25: ='YÜKLENİCİ ARAÇLARI'!A217 -> TAVSAN | B25: ='YÜKLENİCİ ARAÇLARI'!B217 -> HENDEK 2 | C25: ='YÜKLENİCİ ARAÇLARI'!C217 -> AHMET CAN KAHVECİ | D25: ='YÜKLENİCİ ARAÇLARI'!D217 -> 0 | E25: ='YÜKLENİCİ ARAÇLARI'!E217 -> GRŞ/ÇIKIŞ | F25: ='YÜKLENİCİ ARAÇLARI'!F216 -> 18 | G25: ='YÜKLENİCİ ARAÇLARI'!G217 -> 1800 | H25: ='YÜKLENİCİ ARAÇLARI'!H217 -> 45000 | I25: ='YÜKLENİCİ ARAÇLARI'!I217 -> 9000 | J25: ='YÜKLENİCİ ARAÇLARI'!J217 -> 54000 | K25: ='YÜKLENİCİ ARAÇLARI'!K217 -> 4500 | L25: ='YÜKLENİCİ ARAÇLARI'!L217 -> 49500
A26: =#REF! -> #REF! | B26: =#REF! -> #REF! | C26: =#REF! -> #REF! | E26: =#REF! -> #REF! | F26: =#REF! -> #REF! | G26: =#REF! -> #REF! | H26: =F26*G26 -> #REF! | I26: =H26*0.2 -> #REF! | J26: =SUM(H26:I26) -> #REF! | K26: =H26*0.1 -> #REF! | L26: =H26+K26 -> #REF!
A27: 1//HENDEK | B27: AHMET CAN KAHVECİ | C27: EKİM AYINDAN 3 TEK | E27: GİRİŞ/ÇIKIŞ | G27: 400 | H27: =F27*G27 -> 0 | I27: =H27*0.2 -> 0 | J27: =SUM(H27:I27) -> 0 | K27: =H27*0.1 -> 0 | L27: =H27+K27 -> 0
H28: =SUM(H25) -> 45000 | I28: =SUM(I25) -> 9000 | J28: =SUM(J25) -> 54000 | K28: =SUM(K25) -> 4500 | L28: =SUM(L25) -> 49500
A29: ALİ BAHRİ DEMİR
A30: ='YÜKLENİCİ ARAÇLARI'!A63 -> TÜRESAŞ | B30: ='YÜKLENİCİ ARAÇLARI'!B63 -> GEYVE | C30: ='YÜKLENİCİ ARAÇLARI'!C63 -> ALİ BAHRİ DEMİR | E30: ='YÜKLENİCİ ARAÇLARI'!E63 -> GRŞ/ÇKŞ | F30: ='YÜKLENİCİ ARAÇLARI'!F63 -> 19 | G30: ='YÜKLENİCİ ARAÇLARI'!G63 -> 3750 | H30: ='YÜKLENİCİ ARAÇLARI'!H63 -> 71250 | I30: ='YÜKLENİCİ ARAÇLARI'!I63 -> 14250 | J30: ='YÜKLENİCİ ARAÇLARI'!J63 -> 85500 | K30: ='YÜKLENİCİ ARAÇLARI'!K63 -> 7125 | L30: ='YÜKLENİCİ ARAÇLARI'!L63 -> 78375
H31: =SUM(H30:H30) -> 71250 | I31: =SUM(I30:I30) -> 14250 | J31: =SUM(J30:J30) -> 85500 | K31: =SUM(K30:K30) -> 7125 | L31: =SUM(L30:L30) -> 78375
A32: ALİCAN BAŞER
A33: ='YÜKLENİCİ ARAÇLARI'!A165 -> GEDİK KAYNAK | B33: ='YÜKLENİCİ ARAÇLARI'!B165 -> KAYNARCA SU KEN.SİVRİ TEPE | C33: ='YÜKLENİCİ ARAÇLARI'!C165 -> ALİCAN BAŞER | D33: ='YÜKLENİCİ ARAÇLARI'!D165 -> 0 | E33: ='YÜKLENİCİ ARAÇLARI'!E165 -> VRD | F33: ='YÜKLENİCİ ARAÇLARI'!F165 -> 14 | G33: ='YÜKLENİCİ ARAÇLARI'!G165 -> 700 | H33: ='YÜKLENİCİ ARAÇLARI'!H165 -> 9800 | ... L33: ='YÜKLENİCİ ARAÇLARI'!L165 -> 10780
A34: ='YÜKLENİCİ ARAÇLARI'!A166 -> GEDİK KAYNAK | B34: ='YÜKLENİCİ ARAÇLARI'!B166 -> KAYNARCA SU KEN.SİVRİ TEPE | C34: ='YÜKLENİCİ ARAÇLARI'!C166 -> ALİCAN BAŞER | D34: ='YÜKLENİCİ ARAÇLARI'!D166 -> 0 | E34: ='YÜKLENİCİ ARAÇLARI'!E166 -> TEK YÖN G/Ç | F34: ='YÜKLENİCİ ARAÇLARI'!F166 -> 42 | G34: ='YÜKLENİCİ ARAÇLARI'!G166 -> 1250 | H34: ='YÜKLENİCİ ARAÇLARI'!H166 -> 52500 | ... L34: ='YÜKLENİCİ ARAÇLARI'!L166 -> 57750
H35: =SUM(H33:H34) -> 62300 | I35: =SUM(I33:I34) -> 12460 | J35: =SUM(J33:J34) -> 74760 | K35: =SUM(K33:K34) -> 6230 | L35: =SUM(L33:L34) -> 68530
H38: =SUM(H37) -> 0 | I38: =SUM(I37) -> 0 | J38: =SUM(J37) -> 0 | K38: =SUM(K37) -> 0 | L38: =SUM(L37) -> 0
A40: ARDA ÖZKÖK FUAT YÜCE
A41: =#REF! -> #REF! | B41: =#REF! -> #REF! | C41: =#REF! -> #REF! | E41: =#REF! -> #REF! | F41: =#REF! -> #REF! | G41: =#REF! -> #REF! | H41: =#REF! -> #REF! | I41: =#REF! -> #REF! | J41: =#REF! -> #REF! | K41: =#REF! -> #REF! | L41: =#REF! -> #REF!
A42: ='YÜKLENİCİ ARAÇLARI'!A275 -> AQUAKRAFT | B42: ='YÜKLENİCİ ARAÇLARI'!B275 -> ADAPAZARI/MERKEZ /ERENLER | C42: ='YÜKLENİCİ ARAÇLARI'!C275 -> FUAT YÜCE | D42: ='YÜKLENİCİ ARAÇLARI'!D275 -> 0 | E42: ='YÜKLENİCİ ARAÇLARI'!E275 -> GRŞ/ÇIK | F42: ='YÜKLENİCİ ARAÇLARI'!F275 -> 0 | G42: ='YÜKLENİCİ ARAÇLARI'!G275 -> 2000 | H42: ='YÜKLENİCİ ARAÇLARI'!H275 -> 0 | ... L42: ='YÜKLENİCİ ARAÇLARI'!L275 -> 0
A43: ='YÜKLENİCİ ARAÇLARI'!A276 -> AQUAKRAFT | B43: ='YÜKLENİCİ ARAÇLARI'!B276 -> ADAPAZARI/MERKEZ /ERENLER | C43: ='YÜKLENİCİ ARAÇLARI'!C276 -> FUAT YÜCE | D43: ='YÜKLENİCİ ARAÇLARI'!D276 -> 0 | E43: ='YÜKLENİCİ ARAÇLARI'!E276 -> TEK | F43: ='YÜKLENİCİ ARAÇLARI'!F276 -> 52 | G43: ='YÜKLENİCİ ARAÇLARI'!G276 -> 1500 | H43: ='YÜKLENİCİ ARAÇLARI'!H276 -> 78000 | ... L43: ='YÜKLENİCİ ARAÇLARI'!L276 -> 85800
H44: =SUM(H42:H43) -> 78000 | I44: =SUM(I42:I43) -> 15600 | J44: =SUM(J42:J43) -> 93600 | K44: =SUM(K42:K43) -> 7800 | L44: =SUM(L42:L43) -> 85800
A46: EROL ÖZTÜFEKÇİ
A47: ='YÜKLENİCİ ARAÇLARI'!A248 -> BURDA BEBEK | B47: ='YÜKLENİCİ ARAÇLARI'!B248 -> ADAPAZARI GÜNEŞLER O.GRJ | C47: ='YÜKLENİCİ ARAÇLARI'!C248 -> EROL ÖZTÜFEKÇİ | D47: ='YÜKLENİCİ ARAÇLARI'!D248 -> 0 | E47: ='YÜKLENİCİ ARAÇLARI'!E248 -> GRŞ/ÇK/TEK | F47: ='YÜKLENİCİ ARAÇLARI'!F248 -> 30 | G47: ='YÜKLENİCİ ARAÇLARI'!G248 -> 1400 | H47: ='YÜKLENİCİ ARAÇLARI'!H248 -> 42000 | ... L47: ='YÜKLENİCİ ARAÇLARI'!L248 -> 46200
H48: =SUM(H47) -> 42000 | I48: =SUM(I47) -> 8400 | J48: =SUM(J47) -> 50400 | K48: =SUM(K47) -> 4200 | L48: =SUM(L47) -> 46200
A49: BARIŞ(RIDVAN)İSLAM
A50: ='YÜKLENİCİ ARAÇLARI'!A288 -> ISILSAN | B50: ='YÜKLENİCİ ARAÇLARI'!B288 -> HENDEK MRK/YENİMAHALLE | C50: ='YÜKLENİCİ ARAÇLARI'!C288 -> RIDVAN BARIŞ İSLAM | D50: ='YÜKLENİCİ ARAÇLARI'!D288 -> 54 S 0745 | E50: ='YÜKLENİCİ ARAÇLARI'!E288 -> GRŞ/ÇIK | F50: ='YÜKLENİCİ ARAÇLARI'!F288 -> 21 | G50: ='YÜKLENİCİ ARAÇLARI'!G288 -> 1800 | H50: ='YÜKLENİCİ ARAÇLARI'!H288 -> 37800 | ... L50: ='YÜKLENİCİ ARAÇLARI'!L288 -> 41580
A51: =#REF! -> #REF! | B51: =#REF! -> #REF! | C51: =#REF! -> #REF! | E51: =#REF! -> #REF! | F51: =#REF! -> #REF! | G51: =#REF! -> #REF! | H51: =#REF! -> #REF! | I51: =#REF! -> #REF! | J51: =#REF! -> #REF! | K51: =#REF! -> #REF! | L51: =#REF! -> #REF!
H52: =SUM(H50) -> 37800 | I52: =SUM(I50) -> 7560 | J52: =SUM(J50) -> 45360 | K52: =SUM(K50) -> 3780 | L52: =SUM(L50) -> 41580
A53: BAYRAM YILMAZ
A54: ='YÜKLENİCİ ARAÇLARI'!A93 -> ALYAN GIDA | B54: ='YÜKLENİCİ ARAÇLARI'!B93 -> HENDEK MERKEZ ÇARŞI | C54: ='YÜKLENİCİ ARAÇLARI'!C93 -> BAYRAM YILMAZ | D54: ='YÜKLENİCİ ARAÇLARI'!D93 -> 54 S 1592 | E54: ='YÜKLENİCİ ARAÇLARI'!E93 -> ÇİFT | F54: ='YÜKLENİCİ ARAÇLARI'!F93 -> 46 | G54: ='YÜKLENİCİ ARAÇLARI'!G93 -> 1100 | H54: ='YÜKLENİCİ ARAÇLARI'!H93 -> 50600 | ... L54: ='YÜKLENİCİ ARAÇLARI'!L93 -> 55660
A55: ='YÜKLENİCİ ARAÇLARI'!A94 -> ALYAN GIDA | B55: ='YÜKLENİCİ ARAÇLARI'!B94 -> HENDEK MERKEZ ÇARŞI | C55: ='YÜKLENİCİ ARAÇLARI'!C94 -> BAYRAM YILMAZ | D55: ='YÜKLENİCİ ARAÇLARI'!D94 -> 54 S 1592 | E55: ='YÜKLENİCİ ARAÇLARI'!E94 -> TEK | F55: ='YÜKLENİCİ ARAÇLARI'!F94 -> 27 | G55: ='YÜKLENİCİ ARAÇLARI'!G94 -> 900 | H55: ='YÜKLENİCİ ARAÇLARI'!H94 -> 24300 | ... L55: ='YÜKLENİCİ ARAÇLARI'!L94 -> 26730
A56: ='YÜKLENİCİ ARAÇLARI'!A226 -> BURDA BEBEK | B56: ='YÜKLENİCİ ARAÇLARI'!B226 -> BAYRAKTEPE/R.PAŞA | C56: ='YÜKLENİCİ ARAÇLARI'!C226 -> BAYRAM YILMAZ | D56: ='YÜKLENİCİ ARAÇLARI'!D226 -> 54 S 0657 | E56: ='YÜKLENİCİ ARAÇLARI'!E226 -> VRD | F56: ='YÜKLENİCİ ARAÇLARI'!F226 -> 150 | G56: ='YÜKLENİCİ ARAÇLARI'!G226 -> 550 | H56: ='YÜKLENİCİ ARAÇLARI'!H226 -> 82500 | ... L56: ='YÜKLENİCİ ARAÇLARI'!L226 -> 90750
A57: ='YÜKLENİCİ ARAÇLARI'!A227 -> BURDA BEBEK | B57: ='YÜKLENİCİ ARAÇLARI'!B227 -> BAYRAKTEPE/R.PAŞA | C57: ='YÜKLENİCİ ARAÇLARI'!C227 -> BAYRAM YILMAZ | D57: ='YÜKLENİCİ ARAÇLARI'!D227 -> 54 S 0657 | E57: ='YÜKLENİCİ ARAÇLARI'!E227 -> CUMA | F57: ='YÜKLENİCİ ARAÇLARI'!F227 -> 3 | G57: ='YÜKLENİCİ ARAÇLARI'!G227 -> 900 | H57: ='YÜKLENİCİ ARAÇLARI'!H227 -> 2700 | ... L57: ='YÜKLENİCİ ARAÇLARI'!L227 -> 2970
A58: ='YÜKLENİCİ ARAÇLARI'!A228 -> BURDA BEBEK | B58: ='YÜKLENİCİ ARAÇLARI'!B228 -> BAYRAKTEPE/R.PAŞA | C58: ='YÜKLENİCİ ARAÇLARI'!C228 -> BAYRAM YILMAZ | D58: ='YÜKLENİCİ ARAÇLARI'!D228 -> 54 S 0657 | E58: ='YÜKLENİCİ ARAÇLARI'!E228 -> TEK | F58: ='YÜKLENİCİ ARAÇLARI'!F228 -> 0 | G58: ='YÜKLENİCİ ARAÇLARI'!G228 -> 900 | H58: ='YÜKLENİCİ ARAÇLARI'!H228 -> 0 | ... L58: ='YÜKLENİCİ ARAÇLARI'!L228 -> 0
A59: ='YÜKLENİCİ ARAÇLARI'!A229 -> BURDA BEBEK | B59: ='YÜKLENİCİ ARAÇLARI'!B229 -> BAYRAKTEPE/R.PAŞA | C59: ='YÜKLENİCİ ARAÇLARI'!C229 -> BAYRAM YILMAZ | D59: ='YÜKLENİCİ ARAÇLARI'!D229 -> 54 S 0657 | E59: ='YÜKLENİCİ ARAÇLARI'!E229 -> MESAİ | F59: ='YÜKLENİCİ ARAÇLARI'!F229 -> 0 | G59: ='YÜKLENİCİ ARAÇLARI'!G229 -> 1160 | H59: ='YÜKLENİCİ ARAÇLARI'!H229 -> 0 | ... L59: ='YÜKLENİCİ ARAÇLARI'!L229 -> 0
A60: ='YÜKLENİCİ ARAÇLARI'!A230 -> BURDA BEBEK | B60: ='YÜKLENİCİ ARAÇLARI'!B230 -> ÇARŞI YANYOL | C60: ='YÜKLENİCİ ARAÇLARI'!C230 -> BAYRAM YILMAZ | D60: ='YÜKLENİCİ ARAÇLARI'!D230 -> 54 S 2874 | E60: ='YÜKLENİCİ ARAÇLARI'!E230 -> VRD | F60: ='YÜKLENİCİ ARAÇLARI'!F230 -> 109 | G60: ='YÜKLENİCİ ARAÇLARI'!G230 -> 550 | H60: ='YÜKLENİCİ ARAÇLARI'!H230 -> 59950 | ... L60: ='YÜKLENİCİ ARAÇLARI'!L230 -> 65945
A61: ='YÜKLENİCİ ARAÇLARI'!A231 -> BURDA BEBEK | B61: ='YÜKLENİCİ ARAÇLARI'!B231 -> ÇARŞI YANYOL | C61: ='YÜKLENİCİ ARAÇLARI'!C231 -> BAYRAM YILMAZ | D61: ='YÜKLENİCİ ARAÇLARI'!D231 -> 54 S 2874 | E61: ='YÜKLENİCİ ARAÇLARI'!E231 -> GRŞ/ÇK/TEK | F61: ='YÜKLENİCİ ARAÇLARI'!F231 -> 6 | G61: ='YÜKLENİCİ ARAÇLARI'!G231 -> 900 | H61: ='YÜKLENİCİ ARAÇLARI'!H231 -> 5400 | ... L61: ='YÜKLENİCİ ARAÇLARI'!L231 -> 5940
A62: ='YÜKLENİCİ ARAÇLARI'!A232 -> BURDA BEBEK | B62: ='YÜKLENİCİ ARAÇLARI'!B232 -> ÇARŞI YANYOL | C62: ='YÜKLENİCİ ARAÇLARI'!C232 -> BAYRAM YILMAZ | D62: ='YÜKLENİCİ ARAÇLARI'!D232 -> 54 S 2874 | E62: ='YÜKLENİCİ ARAÇLARI'!E232 -> MESAİ | F62: ='YÜKLENİCİ ARAÇLARI'!F232 -> 1 | G62: ='YÜKLENİCİ ARAÇLARI'!G232 -> 1160 | H62: ='YÜKLENİCİ ARAÇLARI'!H232 -> 1160 | ... L62: ='YÜKLENİCİ ARAÇLARI'!L232 -> 1276
A63: ='YÜKLENİCİ ARAÇLARI'!A216 -> TAVSAN | B63: ='YÜKLENİCİ ARAÇLARI'!B216 -> HENDEK 1 | C63: ='YÜKLENİCİ ARAÇLARI'!C216 -> BAYRAM YILMAZ | D63: ='YÜKLENİCİ ARAÇLARI'!D216 -> AKŞAM | E63: ='YÜKLENİCİ ARAÇLARI'!E216 -> TEK | F63: ='YÜKLENİCİ ARAÇLARI'!F216 -> 18 | G63: ='YÜKLENİCİ ARAÇLARI'!G216 -> 900 | H63: ='YÜKLENİCİ ARAÇLARI'!H216 -> 16200 | ... L63: ='YÜKLENİCİ ARAÇLARI'!L216 -> 17820
H64: =SUM(H54:H63) -> 242810 | I64: =SUM(I54:I63) -> 48562 | J64: =SUM(J54:J63) -> 291372 | K64: =SUM(K54:K63) -> 24281 | L64: =SUM(L54:L63) -> 267091
A65: BAYRAM YILMAZ
A66: ='YÜKLENİCİ ARAÇLARI'!A159 -> GEDİK KAYNAK | B66: ='YÜKLENİCİ ARAÇLARI'!B159 -> HENDEK 3/BAYRAKTEPE | C66: ='YÜKLENİCİ ARAÇLARI'!C159 -> BAYRAM YILMAZ | D66: ='YÜKLENİCİ ARAÇLARI'!D159 -> 0 | E66: ='YÜKLENİCİ ARAÇLARI'!E159 -> VRD | F66: ='YÜKLENİCİ ARAÇLARI'!F159 -> 42 | G66: ='YÜKLENİCİ ARAÇLARI'!G159 -> 550 | H66: ='YÜKLENİCİ ARAÇLARI'!H159 -> 23100 | ... L66: ='YÜKLENİCİ ARAÇLARI'!L159 -> 25410
A67: ='YÜKLENİCİ ARAÇLARI'!A160 -> GEDİK KAYNAK | B67: ='YÜKLENİCİ ARAÇLARI'!B160 -> HENDEK 3/BAYRAKTEPE | C67: ='YÜKLENİCİ ARAÇLARI'!C160 -> BAYRAM YILMAZ | D67: ='YÜKLENİCİ ARAÇLARI'!D160 -> 0 | E67: ='YÜKLENİCİ ARAÇLARI'!E160 -> TEK YÖN G/Ç | F67: ='YÜKLENİCİ ARAÇLARI'!F160 -> 42 | G67: ='YÜKLENİCİ ARAÇLARI'!G160 -> 900 | H67: ='YÜKLENİCİ ARAÇLARI'!H160 -> 37800 | ... L67: ='YÜKLENİCİ ARAÇLARI'!L160 -> 41580
H68: =SUM(H66:H67) -> 60900 | I68: =SUM(I66:I67) -> 12180 | J68: =SUM(J66:J67) -> 73080 | K68: =SUM(K66:K67) -> 6090 | L68: =SUM(L66:L67) -> 66990
A69: BARIŞ YILMAZ
A70: ='YÜKLENİCİ ARAÇLARI'!A233 -> BURDA BEBEK | B70: ='YÜKLENİCİ ARAÇLARI'!B233 -> HENDEK RASİMPAŞA | C70: ='YÜKLENİCİ ARAÇLARI'!C233 -> BARIŞ YILMAZ | D70: ='YÜKLENİCİ ARAÇLARI'!D233 -> 54 S 1284 | E70: ='YÜKLENİCİ ARAÇLARI'!E233 -> GRŞ/ÇK/TEK | F70: ='YÜKLENİCİ ARAÇLARI'!F233 -> 20 | G70: ='YÜKLENİCİ ARAÇLARI'!G233 -> 900 | H70: ='YÜKLENİCİ ARAÇLARI'!H233 -> 18000 | ... L70: ='YÜKLENİCİ ARAÇLARI'!L233 -> 19800
A71: ='YÜKLENİCİ ARAÇLARI'!A234 -> BURDA BEBEK | B71: ='YÜKLENİCİ ARAÇLARI'!B234 -> HENDEK RASİMPAŞA | C71: ='YÜKLENİCİ ARAÇLARI'!C234 -> BARIŞ YILMAZ | D71: ='YÜKLENİCİ ARAÇLARI'!D234 -> 54 S 1284 | E71: ='YÜKLENİCİ ARAÇLARI'!E234 -> eğitim adap | F71: ='YÜKLENİCİ ARAÇLARI'!F234 -> 0 | G71: ='YÜKLENİCİ ARAÇLARI'!G234 -> 1400 | H71: ='YÜKLENİCİ ARAÇLARI'!H234 -> 0 | ... L71: ='YÜKLENİCİ ARAÇLARI'!L234 -> 0
A72: ='YÜKLENİCİ ARAÇLARI'!A235 -> BURDA BEBEK | B72: ='YÜKLENİCİ ARAÇLARI'!B235 -> HENDEK RASİMPAŞA | C72: ='YÜKLENİCİ ARAÇLARI'!C235 -> BARIŞ YILMAZ | D72: ='YÜKLENİCİ ARAÇLARI'!D235 -> 54 S 1284 | E72: ='YÜKLENİCİ ARAÇLARI'!E235 -> CUMA | F72: ='YÜKLENİCİ ARAÇLARI'!F235 -> 3 | G72: ='YÜKLENİCİ ARAÇLARI'!G235 -> 900 | H72: ='YÜKLENİCİ ARAÇLARI'!H235 -> 2700 | ... L72: ='YÜKLENİCİ ARAÇLARI'!L235 -> 2970
A73: ='YÜKLENİCİ ARAÇLARI'!A240 -> BURDA BEBEK | B73: ='YÜKLENİCİ ARAÇLARI'!B240 -> KÖPRÜBAŞI | C73: ='YÜKLENİCİ ARAÇLARI'!C240 -> BARIŞ YILMAZ | D73: ='YÜKLENİCİ ARAÇLARI'!D240 -> 54 S 1284 | E73: 0 | F73: ='YÜKLENİCİ ARAÇLARI'!F240 -> 37 | G73: ='YÜKLENİCİ ARAÇLARI'!G240 -> 550 | H73: ='YÜKLENİCİ ARAÇLARI'!H240 -> 20350 | I73: ='YÜKLENİCİ ARAÇLARI'!I240 -> 4070 | J73: ='YÜKLENİCİ ARAÇLARI'!J240 -> 24420 | K73: ='YÜKLENİCİ ARAÇLARI'!K240 -> 2035 | L73: ='YÜKLENİCİ ARAÇLARI'!L240 -> 22385
B74: ='YÜKLENİCİ ARAÇLARI'!B247 -> ADAPAZARI ÇIKIİ ŞİRKET ARACI | C74: ='YÜKLENİCİ ARAÇLARI'!C247 -> BARIŞ YILMAZ | D74: ='YÜKLENİCİ ARAÇLARI'!D247 -> 0 | E74: ='YÜKLENİCİ ARAÇLARI'!E247 -> TEK | F74: ='YÜKLENİCİ ARAÇLARI'!F247 -> 0 | G74: ='YÜKLENİCİ ARAÇLARI'!G247 -> 1400 | H74: ='YÜKLENİCİ ARAÇLARI'!H247 -> 0 | I74: ='YÜKLENİCİ ARAÇLARI'!I247 -> 0 | ... L74: ='YÜKLENİCİ ARAÇLARI'!L247 -> 0
H75: =SUM(H70:H74) -> 41050 | I75: =SUM(I70:I74) -> 8210 | J75: =SUM(J70:J74) -> 49260 | K75: =SUM(K70:K74) -> 4105 | L75: =SUM(L70:L74) -> 45155
A77: CEVDET KARAGÜZEL
A78: ='YÜKLENİCİ ARAÇLARI'!A112 -> GEDİK DÖKÜM | B78: ='YÜKLENİCİ ARAÇLARI'!B112 -> HENDEK 1/BAYRAKTEPE/K.BAŞI | C78: ='YÜKLENİCİ ARAÇLARI'!C112 -> CEVDET KARAGÜZEL | D78: ='YÜKLENİCİ ARAÇLARI'!D112 -> 27 LİK | E78: ='YÜKLENİCİ ARAÇLARI'!E112 -> GRŞ/ÇKŞ | F78: ='YÜKLENİCİ ARAÇLARI'!F112 -> 18 | G78: ='YÜKLENİCİ ARAÇLARI'!G112 -> 2400 | H78: ='YÜKLENİCİ ARAÇLARI'!H112 -> 43200 | ... L78: ='YÜKLENİCİ ARAÇLARI'!L112 -> 47520 | M78: 19 kesmiş
A79: ='YÜKLENİCİ ARAÇLARI'!A113 -> GEDİK DÖKÜM | B79: ='YÜKLENİCİ ARAÇLARI'!B113 -> HENDEK 1/BAYRAKTEPE/K.BAŞI | C79: ='YÜKLENİCİ ARAÇLARI'!C113 -> CEVDET KARAGÜZEL | D79: ='YÜKLENİCİ ARAÇLARI'!D113 -> 27 LİK | E79: ='YÜKLENİCİ ARAÇLARI'!E113 -> MESAİ | F79: ='YÜKLENİCİ ARAÇLARI'!F113 -> 0 | G79: ='YÜKLENİCİ ARAÇLARI'!G113 -> 1500 | H79: ='YÜKLENİCİ ARAÇLARI'!H113 -> 0 | ... L79: ='YÜKLENİCİ ARAÇLARI'!L113 -> 0
H80: =SUM(H78:H79) -> 43200 | I80: =SUM(I78:I79) -> 8640 | J80: =SUM(J78:J79) -> 51840 | K80: =SUM(K78:K79) -> 4320 | L80: =SUM(L78:L79) -> 47520
A81: HAMDİ ÖCAL SAPANCA SEYAHAT
A82: ='YÜKLENİCİ ARAÇLARI'!A64 -> TÜRESAŞ | B82: ='YÜKLENİCİ ARAÇLARI'!B64 -> KURTKÖY | C82: ='YÜKLENİCİ ARAÇLARI'!C64 -> HAMDİ ÖCAL SAPANCA SYH | E82: ='YÜKLENİCİ ARAÇLARI'!E64 -> GRŞ/ÇKŞ | F82: ='YÜKLENİCİ ARAÇLARI'!F64 -> 19 | G82: ='YÜKLENİCİ ARAÇLARI'!G64 -> 3500 | H82: ='YÜKLENİCİ ARAÇLARI'!H64 -> 66500 | I82: ='YÜKLENİCİ ARAÇLARI'!I64 -> 13300 | J82: ='YÜKLENİCİ ARAÇLARI'!J64 -> 79800 | K82: ='YÜKLENİCİ ARAÇLARI'!K64 -> 6650 | L82: ='YÜKLENİCİ ARAÇLARI'!L64 -> 73150
H83: =SUM(H82) -> 66500 | I83: =SUM(I82) -> 13300 | J83: =SUM(J82) -> 79800 | K83: =SUM(K82) -> 6650 | L83: =SUM(L82) -> 73150
A85: HASAN KAPDAN
A86: ='YÜKLENİCİ ARAÇLARI'!A311 -> B/PLAS | B86: ='YÜKLENİCİ ARAÇLARI'!B311 -> ARİFİYE BEŞKÖPRÜ | C86: ='YÜKLENİCİ ARAÇLARI'!C311 -> HASAN KAPDAN | D86: ='YÜKLENİCİ ARAÇLARI'!D311 -> 0 | E86: ='YÜKLENİCİ ARAÇLARI'!E311 -> ÇİFT | F86: ='YÜKLENİCİ ARAÇLARI'!F311 -> 67 | G86: ='YÜKLENİCİ ARAÇLARI'!G311 -> 1180 | H86: ='YÜKLENİCİ ARAÇLARI'!H311 -> 79060 | ... L86: ='YÜKLENİCİ ARAÇLARI'!L311 -> 86966
A87: ='YÜKLENİCİ ARAÇLARI'!A312 -> B/PLAS | B87: ='YÜKLENİCİ ARAÇLARI'!B312 -> ARİFİYE BEŞKÖPRÜ | C87: ='YÜKLENİCİ ARAÇLARI'!C312 -> HASAN KAPDAN | D87: ='YÜKLENİCİ ARAÇLARI'!D312 -> 0 | E87: ='YÜKLENİCİ ARAÇLARI'!E312 -> TEK | F87: ='YÜKLENİCİ ARAÇLARI'!F312 -> 29 | G87: ='YÜKLENİCİ ARAÇLARI'!G312 -> 875 | H87: ='YÜKLENİCİ ARAÇLARI'!H312 -> 25375 | ... L87: ='YÜKLENİCİ ARAÇLARI'!L312 -> 27912.5
A88: =#REF! -> #REF! | B88: =#REF! -> #REF! | C88: =#REF! -> #REF! | E88: =#REF! -> #REF! | F88: =#REF! -> #REF! | G88: =#REF! -> #REF! | H88: =#REF! -> #REF! | I88: =#REF! -> #REF! | J88: =#REF! -> #REF! | K88: =#REF! -> #REF! | L88: =#REF! -> #REF!
H89: =SUM(H86:H87) -> 104435 | I89: =SUM(I86:I87) -> 20887 | J89: =SUM(J86:J87) -> 125322 | K89: =SUM(K86:K87) -> 10443.5 | L89: =SUM(L86:L87) -> 114878.5
A90: ELİK TUR HANİFE ELİK
A91: ='YÜKLENİCİ ARAÇLARI'!A19 -> BAŞAK TRAKTÖR | B91: ='YÜKLENİCİ ARAÇLARI'!B19 -> ESENCE 1- B.ESENCE | C91: ='YÜKLENİCİ ARAÇLARI'!C19 -> ELİK TUR(HANİFİ ELİK) | E91: ='YÜKLENİCİ ARAÇLARI'!E19 -> GRŞ/ÇKŞ | F91: ='YÜKLENİCİ ARAÇLARI'!F19 -> 17 | G91: ='YÜKLENİCİ ARAÇLARI'!G19 -> 2000 | H91: ='YÜKLENİCİ ARAÇLARI'!H19 -> 34000 | I91: ='YÜKLENİCİ ARAÇLARI'!I19 -> 6800 | J91: ='YÜKLENİCİ ARAÇLARI'!J19 -> 40800 | K91: ='YÜKLENİCİ ARAÇLARI'!K19 -> 3400 | L91: ='YÜKLENİCİ ARAÇLARI'!L19 -> 37400
A92: ='YÜKLENİCİ ARAÇLARI'!A20 -> BAŞAK TRAKTÖR | B92: ='YÜKLENİCİ ARAÇLARI'!B20 -> 20:30 MESAİ | C92: ='YÜKLENİCİ ARAÇLARI'!C20 -> ELİK TUR(HANİFİ ELİK) | E92: ='YÜKLENİCİ ARAÇLARI'!E20 -> MESAİ | F92: ='YÜKLENİCİ ARAÇLARI'!F20 -> 0 | G92: ='YÜKLENİCİ ARAÇLARI'!G20 -> 0 | H92: ='YÜKLENİCİ ARAÇLARI'!H20 -> 0 | I92: ='YÜKLENİCİ ARAÇLARI'!I20 -> 0 | J92: ='YÜKLENİCİ ARAÇLARI'!J20 -> 0 | K92: ='YÜKLENİCİ ARAÇLARI'!K20 -> 0 | L92: ='YÜKLENİCİ ARAÇLARI'!L20 -> 0
H93: =SUM(H91:H92) -> 34000 | I93: =SUM(I91:I92) -> 6800 | J93: =SUM(J91:J92) -> 40800 | K93: =SUM(K91:K92) -> 3400 | L93: =SUM(L91:L92) -> 37400
A94: EMİRCAN ÖZCAN KURT
A95: ='YÜKLENİCİ ARAÇLARI'!A46 -> BAŞAK TRAKTÖR | B95: ='YÜKLENİCİ ARAÇLARI'!B46 -> FERİZLİ SÖĞÜTLÜ/AKARCA | C95: ='YÜKLENİCİ ARAÇLARI'!C46 -> EMİRCAN KURT | E95: ='YÜKLENİCİ ARAÇLARI'!E46 -> GRŞ/ÇKŞ | F95: ='YÜKLENİCİ ARAÇLARI'!F46 -> 13 | G95: ='YÜKLENİCİ ARAÇLARI'!G46 -> 3100 | H95: ='YÜKLENİCİ ARAÇLARI'!H46 -> 40300 | I95: ='YÜKLENİCİ ARAÇLARI'!I46 -> 8060 | J95: ='YÜKLENİCİ ARAÇLARI'!J46 -> 48360 | K95: ='YÜKLENİCİ ARAÇLARI'!K46 -> 4030 | L95: ='YÜKLENİCİ ARAÇLARI'!L46 -> 44330
A96: ='YÜKLENİCİ ARAÇLARI'!A48 -> BAŞAK TRAKTÖR | B96: ='YÜKLENİCİ ARAÇLARI'!B48 -> VRD ÇARŞI/1/16 GRŞ/ÇIK | C96: ='YÜKLENİCİ ARAÇLARI'!C48 -> EMİRCAN KURT | E96: ='YÜKLENİCİ ARAÇLARI'!E48 -> VRD | F96: ='YÜKLENİCİ ARAÇLARI'!F48 -> 39 | G96: ='YÜKLENİCİ ARAÇLARI'!G48 -> 900 | H96: ='YÜKLENİCİ ARAÇLARI'!H48 -> 35100 | I96: ='YÜKLENİCİ ARAÇLARI'!I48 -> 7020 | J96: ='YÜKLENİCİ ARAÇLARI'!J48 -> 42120 | K96: ='YÜKLENİCİ ARAÇLARI'!K48 -> 3510 | L96: ='YÜKLENİCİ ARAÇLARI'!L48 -> 38610
A97: ='YÜKLENİCİ ARAÇLARI'!A49 -> BAŞAK TRAKTÖR | B97: ='YÜKLENİCİ ARAÇLARI'!B49 -> VRD ÇARŞI/1/16 GRŞ/ÇIK | C97: ='YÜKLENİCİ ARAÇLARI'!C49 -> EMİRCAN KURT | D97: ='YÜKLENİCİ ARAÇLARI'!D49 -> 0 | E97: ='YÜKLENİCİ ARAÇLARI'!E49 -> VRD | F97: ='YÜKLENİCİ ARAÇLARI'!F49 -> 16 | G97: ='YÜKLENİCİ ARAÇLARI'!G49 -> 900 | H97: ='YÜKLENİCİ ARAÇLARI'!H49 -> 14400 | ... L97: ='YÜKLENİCİ ARAÇLARI'!L49 -> 15840
A98: ='YÜKLENİCİ ARAÇLARI'!A53 -> BAŞAK TRAKTÖR | B98: ='YÜKLENİCİ ARAÇLARI'!B53 -> VARDİYE ÇARŞI | C98: ='YÜKLENİCİ ARAÇLARI'!C53 -> EMİRCAN KURT | E98: ='YÜKLENİCİ ARAÇLARI'!E53 -> VRD | F98: ='YÜKLENİCİ ARAÇLARI'!F53 -> 0 | G98: ='YÜKLENİCİ ARAÇLARI'!G53 -> 900 | H98: ='YÜKLENİCİ ARAÇLARI'!H53 -> 0 | I98: ='YÜKLENİCİ ARAÇLARI'!I53 -> 0 | J98: ='YÜKLENİCİ ARAÇLARI'!J53 -> 0 | K98: ='YÜKLENİCİ ARAÇLARI'!K53 -> 0 | L98: ='YÜKLENİCİ ARAÇLARI'!L53 -> 0
A99: ='YÜKLENİCİ ARAÇLARI'!A51 -> BAŞAK TRAKTÖR | B99: ='YÜKLENİCİ ARAÇLARI'!B51 -> GECE VRD ARALIK | C99: ='YÜKLENİCİ ARAÇLARI'!C51 -> EMİRCAN KURT | E99: ='YÜKLENİCİ ARAÇLARI'!E51 -> VRD | F99: ='YÜKLENİCİ ARAÇLARI'!F51 -> 18 | G99: ='YÜKLENİCİ ARAÇLARI'!G51 -> 1000 | H99: ='YÜKLENİCİ ARAÇLARI'!H51 -> 18000 | I99: ='YÜKLENİCİ ARAÇLARI'!I51 -> 3600 | J99: ='YÜKLENİCİ ARAÇLARI'!J51 -> 21600 | K99: ='YÜKLENİCİ ARAÇLARI'!K51 -> 1800 | L99: ='YÜKLENİCİ ARAÇLARI'!L51 -> 19800
A100: ='YÜKLENİCİ ARAÇLARI'!A75 -> TÜRESAŞ ARAÇ | B100: ='YÜKLENİCİ ARAÇLARI'!B75 -> KİRALIK ARAÇ | C100: ='YÜKLENİCİ ARAÇLARI'!C75 -> ÖZCAN KURT | E100: ='YÜKLENİCİ ARAÇLARI'!E75 -> AY | F100: ='YÜKLENİCİ ARAÇLARI'!F75 -> 30 | G100: ='YÜKLENİCİ ARAÇLARI'!G75 -> 1335 | H100: ='YÜKLENİCİ ARAÇLARI'!H75 -> 40050 | I100: ='YÜKLENİCİ ARAÇLARI'!I75 -> 8010 | J100: ='YÜKLENİCİ ARAÇLARI'!J75 -> 48060 | K100: ='YÜKLENİCİ ARAÇLARI'!K75 -> 0 | L100: ='YÜKLENİCİ ARAÇLARI'!L75 -> 48060
A101: ='YÜKLENİCİ ARAÇLARI'!A319 -> EREN OTO | B101: ='YÜKLENİCİ ARAÇLARI'!B319 -> ŞEKER MAH SERDİVAN/H.TEPE | C101: ='YÜKLENİCİ ARAÇLARI'!C319 -> EMİRCAN KURT | D101: ='YÜKLENİCİ ARAÇLARI'!D319 -> 0 | E101: ='YÜKLENİCİ ARAÇLARI'!E319 -> GRŞ/ÇIK | F101: ='YÜKLENİCİ ARAÇLARI'!F319 -> 3.5 | G101: ='YÜKLENİCİ ARAÇLARI'!G319 -> 1800 | H101: ='YÜKLENİCİ ARAÇLARI'!H319 -> 6300 | ... L101: ='YÜKLENİCİ ARAÇLARI'!L319 -> 6930
A102: ='YÜKLENİCİ ARAÇLARI'!A237 -> BURDA BEBEK | B102: ='YÜKLENİCİ ARAÇLARI'!B237 -> 855 YERİNE | C102: ='YÜKLENİCİ ARAÇLARI'!C237 -> EMİRCAN KURT | D102: ='YÜKLENİCİ ARAÇLARI'!D237 -> 0 | E102: ='YÜKLENİCİ ARAÇLARI'!E237 -> VRD | F102: ='YÜKLENİCİ ARAÇLARI'!F237 -> 1 | G102: ='YÜKLENİCİ ARAÇLARI'!G237 -> 1500 | H102: ='YÜKLENİCİ ARAÇLARI'!H237 -> 1500 | ... L102: ='YÜKLENİCİ ARAÇLARI'!L237 -> 1650
A103: ='YÜKLENİCİ ARAÇLARI'!A301 -> ISILSAN | B103: ='YÜKLENİCİ ARAÇLARI'!B301 -> 54 S 0860 YERİNE | C103: ='YÜKLENİCİ ARAÇLARI'!C301 -> EMİRCAN KURT | D103: ='YÜKLENİCİ ARAÇLARI'!D301 -> 0 | E103: ='YÜKLENİCİ ARAÇLARI'!E301 -> GRŞ/ÇIK TEK | F103: ='YÜKLENİCİ ARAÇLARI'!F301 -> 1 | G103: ='YÜKLENİCİ ARAÇLARI'!G301 -> 1400 | H103: ='YÜKLENİCİ ARAÇLARI'!H301 -> 1400 | ... L103: ='YÜKLENİCİ ARAÇLARI'!L301 -> 1540
A104: ='YÜKLENİCİ ARAÇLARI'!A138 -> GEDİK DÖKÜM | B104: ='YÜKLENİCİ ARAÇLARI'!B138 -> ADAPAZARI 7/ SERDİVAN AVM EREN | C104: ='YÜKLENİCİ ARAÇLARI'!C138 -> EMİRCAN KURT | D104: ='YÜKLENİCİ ARAÇLARI'!D138 -> 54 S 1071 | E104: ='YÜKLENİCİ ARAÇLARI'!E138 -> GRŞ/ÇKŞ | F104: ='YÜKLENİCİ ARAÇLARI'!F138 -> 21 | G104: ='YÜKLENİCİ ARAÇLARI'!G138 -> 2800 | H104: ='YÜKLENİCİ ARAÇLARI'!H138 -> 58800 | ... L104: ='YÜKLENİCİ ARAÇLARI'!L138 -> 64680
A105: ='YÜKLENİCİ ARAÇLARI'!A139 -> GEDİK DÖKÜM | B105: ='YÜKLENİCİ ARAÇLARI'!B139 -> ADAPAZARI 7/ SERDİVAN AVM EREN | C105: ='YÜKLENİCİ ARAÇLARI'!C139 -> EMİRCAN KURT | D105: ='YÜKLENİCİ ARAÇLARI'!D139 -> 54 S 1071 | E105: ='YÜKLENİCİ ARAÇLARI'!E139 -> MESAİ | F105: ='YÜKLENİCİ ARAÇLARI'!F139 -> 0 | G105: ='YÜKLENİCİ ARAÇLARI'!G139 -> 1750 | H105: ='YÜKLENİCİ ARAÇLARI'!H139 -> 0 | ... L105: ='YÜKLENİCİ ARAÇLARI'!L139 -> 0
A106: ='YÜKLENİCİ ARAÇLARI'!A140 -> GEDİK DÖKÜM | B106: ='YÜKLENİCİ ARAÇLARI'!B140 -> ADAPAZARI//GÜNEŞLER | C106: ='YÜKLENİCİ ARAÇLARI'!C140 -> EMİRCAN KURT | D106: ='YÜKLENİCİ ARAÇLARI'!D140 -> 54 S 1071 | E106: ='YÜKLENİCİ ARAÇLARI'!E140 -> MESAİ | F106: ='YÜKLENİCİ ARAÇLARI'!F140 -> 0 | G106: ='YÜKLENİCİ ARAÇLARI'!G140 -> 1750 | H106: ='YÜKLENİCİ ARAÇLARI'!H140 -> 0 | ... L106: ='YÜKLENİCİ ARAÇLARI'!L140 -> 0
H107: =SUM(H95:H106) -> 215850 | I107: =SUM(I95:I106) -> 43170 | J107: =SUM(J95:J106) -> 259020 | K107: =SUM(K95:K106) -> 17580 | L107: =SUM(L95:L106) -> 241440 | N107: 154166.66
...

Sheet ÖDEME  TOPLAM
A1: HAZİRAN 2025 ÇALIŞAN HAKEDİŞ | B1: TOPLAM HAKEDİŞ | C1: MAZOT | D1: borç kesinti | E1: AVANS | F1: AVANS | G1: BANKADAN ÖDEME | H1: BANKADAN ÖDEME | I1: BANKADAN ÖDEME | J1: BANKADAN ÖDEME | K1: BANKADAN ÖDEME 1 | L1: ÖDEME 2 | M1: ÖDEME 3 | N1: KALAN
A2: =DAĞILIM!A1 -> #REF! | B2: =DAĞILIM!L5 -> #REF! | N2: =B2-C2-D2-E2-F2-G2-J2-#REF!-K2-L2-#REF! -> #REF!
A3: =DAĞILIM!A6 -> ADİL YILMAZ | B3: =DAĞILIM!L18 -> 321112 | K3: 321112 | N3: =B3-C3-D3-E3-F3-G3-H3-I3-J3-K3-L3-M3 -> 0
A4: =DAĞILIM!A20 -> AHMET (ÖMER LÜTFÜ)ATABEK | B4: =DAĞILIM!L23 -> 60500 | C4: 3592.032 | K4: 56907.97 | N4: =B4-C4-D4-E4-F4-G4-H4-I4-J4-K4-L4-M4 -> -0.002
A5: =DAĞILIM!A24 -> AHMET CAN KAHVECİ | B5: =DAĞILIM!L28 -> 49500 | K5: 49500 | N5: =B5-C5-D5-E5-F5-G5-H5-I5-J5-K5-L5-M5 -> 0
A6: =DAĞILIM!A29 -> ALİ BAHRİ DEMİR | B6: =DAĞILIM!L31 -> 78375 | K6: 78375 | N6: =B6-C6-D6-E6-F6-G6-H6-I6-J6-K6-L6-M6 -> 0
A7: =DAĞILIM!A32 -> ALİCAN BAŞER | B7: =DAĞILIM!L35 -> 68530 | K7: 68530 | N7: =B7-C7-D7-E7-F7-G7-H7-I7-J7-K7-L7-M7 -> 0
A8: =DAĞILIM!A40 -> ARDA ÖZKÖK FUAT YÜCE | B8: =DAĞILIM!L44 -> 85800 | E8: 85800 | N8: =B8-C8-D8-E8-F8-G8-H8-I8-J8-K8-L8-M8 -> 0
A9: =DAĞILIM!A46 -> EROL ÖZTÜFEKÇİ | B9: =DAĞILIM!L48 -> 46200 | K9: 46200 | N9: =B9-C9-D9-E9-F9-G9-H9-I9-J9-K9-L9-M9 -> 0
A10: =DAĞILIM!A49 -> BARIŞ(RIDVAN)İSLAM | B10: =DAĞILIM!L52 -> 41580 | K10: 41580 | N10: =B10-C10-D10-E10-F10-G10-H10-I10-J10-K10-L10-M10 -> 0
A11: =DAĞILIM!A53 -> BAYRAM YILMAZ | B11: =DAĞILIM!L64 -> 267091 | C11: 16164.144 | D11: 7500 | K11: 243426.86 | N11: =B11-C11-D11-E11-F11-G11-H11-I11-J11-K11-L11-M11 -> -0.004
A12: =DAĞILIM!A65 -> BAYRAM YILMAZ | B12: =DAĞILIM!L68 -> 66990 | C12: 2694.024 | K12: 64295.98 | N12: =B12-C12-D12-E12-F12-G12-H12-I12-J12-K12-L12-M12 -> -0.004
A13: =DAĞILIM!A69 -> BARIŞ YILMAZ | B13: =DAĞILIM!L75 -> 45155 | K13: 45155 | N13: =B13-C13-D13-E13-F13-G13-H13-I13-J13-K13-L13-M13 -> 0
A14: =DAĞILIM!A77 -> CEVDET KARAGÜZEL | B14: =DAĞILIM!L80 -> 47520 | K14: 47520 | N14: =B14-C14-D14-E14-F14-G14-H14-I14-J14-K14-L14-M14 -> 0
A15: =DAĞILIM!A81 -> HAMDİ ÖCAL SAPANCA SEYAHAT | B15: =DAĞILIM!L83 -> 73150 | K15: 73150 | N15: =B15-C15-D15-E15-F15-G15-H15-I15-J15-K15-L15-M15 -> 0
A16: =DAĞILIM!A85 -> HASAN KAPDAN | B16: =DAĞILIM!L89 -> 114878.5 | K16: 114878.5 | N16: =B16-C16-D16-E16-F16-G16-H16-I16-J16-K16-L16-M16 -> 0
A17: =DAĞILIM!A90 -> ELİK TUR HANİFE ELİK | B17: =DAĞILIM!L93 -> 37400 | K17: 37400 | N17: =B17-C17-D17-E17-F17-G17-H17-I17-J17-K17-L17-M17 -> 0
A18: =DAĞILIM!A94 -> EMİRCAN ÖZCAN KURT | B18: =DAĞILIM!L107 -> 241440 | C18: ='[2]DIŞ ALIM'!$H$65 -> 65341.252 | D18: 1500 | E18: ='[3]2-3-8'!$E$22 -> 150000 | F18: 115000 | J18: 67000 | K18: 65000 | N18: =B18-C18-D18-E18-F18-G18-H18-I18-J18-K18-L18-M18 -> -222401.25
A19: =DAĞILIM!A109 -> YUNUS EMRE OCAK | B19: =DAĞILIM!L115 -> 110605 | C19: =SUM('[2]DIŞ ALIM'!$H$79) -> 5416.1705 | K19: 105188.83 | N19: =B19-C19-D19-E19-F19-G19-H19-I19-J19-K19-L19-M19 -> -0.00045599999
A20: =DAĞILIM!A117 -> ENES YILMAZ HASAN AKDAĞCI | B20: =DAĞILIM!L120 -> 64680 | C20: =SUM('[2]DIŞ ALIM'!$H$74) -> 2604.2232 | K20: 62075.78 | N20: =B20-C20-D20-E20-F20-G20-H20-I20-J20-K20-L20-M20 -> -0.0032
A21: =DAĞILIM!A121 -> ERMAN TUR İBRAHİM ERMAN | B21: =DAĞILIM!L124 -> 25740 | K21: 25740 | N21: =B21-C21-D21-E21-F21-G21-H21-I21-J21-K21-L21-M21 -> 0
A22: =DAĞILIM!A125 -> FEYYAZ POLUMCU | B22: =DAĞILIM!L127 -> 55440 | K22: 55440 | N22: =B22-C22-D22-E22-F22-G22-H22-I22-J22-K22-L22-M22 -> 0
A23: =DAĞILIM!A128 -> dursun YILMAZ ÖRCÜN | B23: =DAĞILIM!L131 -> 63096 | C23: 15266.136 | K23: 47829.86 | N23: =B23-C23-D23-E23-F23-G23-H23-I23-J23-K23-L23-M23 -> 0.004
A24: =DAĞILIM!A132 -> EYÜP ERDİ TÜREDİ | B24: =DAĞILIM!L137 -> 149985 | K24: 149985 | N24: =B24-C24-D24-E24-F24-G24-H24-I24-J24-K24-L24-M24 -> 0
A25: =DAĞILIM!C140 -> EMEL ÖMER ÖNENÇ(otur butur) | B25: =DAĞILIM!L142 -> 79200 | D25: ='[3]01 TEMMUZ DEVAM'!$E$4 -> 11538.95 | K25: 67661.05 | N25: =B25-C25-D25-E25-F25-G25-H25-I25-J25-K25-L25-M25 -> 0
A26: =DAĞILIM!A149 -> FEHİM YALÇINKAYA | B26: =DAĞILIM!L161 -> 401390 | K26: 401390 | N26: =B26-C26-D26-E26-F26-G26-H26-I26-J26-K26-L26-M26 -> 0
A27: =DAĞILIM!A163 -> FETİH AKTAŞ | B27: =DAĞILIM!L165 -> 59400 | E27: 59400 | N27: =B27-C27-D27-E27-F27-G27-H27-I27-J27-K27-L27-M27 -> 0
A28: =DAĞILIM!A167 -> OSMAN GÖKHAN IŞIK | B28: =DAĞILIM!L188 -> 664405.5 | E28: 100000 | J28: 64405 | K28: 500000 | N28: =B28-C28-D28-E28-F28-G28-H28-I28-J28-K28-L28-M28 -> 0.5
A29: =DAĞILIM!A191 -> GÜVEN TUR | B29: =DAĞILIM!L193 -> 25740 | K29: 25740 | N29: =B29-C29-D29-E29-F29-G29-H29-I29-J29-K29-L29-M29 -> 0
A30: =DAĞILIM!A194 -> ÖMER DER | B30: =DAĞILIM!L198 -> 55440 | K30: 55440 | N30: =B30-C30-D30-E30-F30-G30-H30-I30-J30-K30-L30-M30 -> 0
A31: =DAĞILIM!A199 -> HALİL BÜYÜKTANZİM | B31: =DAĞILIM!L202 -> 73700 | K31: 73700 | N31: =B31-C31-D31-E31-F31-G31-H31-I31-J31-K31-L31-M31 -> 0
A32: =DAĞILIM!A203 -> HALİL BÜYÜKTANZİM | B32: =DAĞILIM!L206 -> 35640 | K32: 35640 | N32: =B32-C32-D32-E32-F32-G32-H32-I32-J32-K32-L32-M32 -> 0
A33: =DAĞILIM!A207 -> İBRAHİM OKUMUŞ | B33: =DAĞILIM!L210 -> 85140 | K33: 85140 | N33: =B33-C33-D33-E33-F33-G33-H33-I33-J33-K33-L33-M33 -> 0
A34: =DAĞILIM!A213 -> REMZİ HÜRREM DORUK | B34: =DAĞILIM!L215 -> 23400 | K34: 23400 | N34: =B34-C34-D34-E34-F34-G34-H34-I34-J34-K34-L34-M34 -> 0
A35: =DAĞILIM!A216 -> GÖKHAN İBRAHİM AKKUŞ | B35: =DAĞILIM!L219 -> 54230 | K35: 54230 | N35: =B35-C35-D35-E35-F35-G35-H35-I35-J35-K35-L35-M35 -> 0
A36: =DAĞILIM!A220 -> İBRAHİM DER | B36: =DAĞILIM!L222 -> 47520 | K36: 47520 | N36: =B36-C36-D36-E36-F36-G36-H36-I36-J36-K36-L36-M36 -> 0
A37: =DAĞILIM!A223 -> İSMAİL AÇIKDENİZ | B37: =DAĞILIM!L228 -> 112860 | K37: 112860 | N37: =B37-C37-D37-E37-F37-G37-H37-I37-J37-K37-L37-M37 -> 0
A38: =DAĞILIM!A229 -> KADİR TUNCEL TUNCEL TRZ | B38: =DAĞILIM!L234 -> 87120 | K38: 87120 | N38: =B38-C38-D38-E38-F38-G38-H38-I38-J38-K38-L38-M38 -> 0
A39: =DAĞILIM!A235 -> MEHMET ANLAŞ | B39: =DAĞILIM!L241 -> 177870 | D39: ='[3]2-3-8'!$E$21 -> 100000 | E39: 25000 | K39: 52870 | N39: =B39-C39-D39-E39-F39-G39-H39-I39-J39-K39-L39-M39 -> 0
A40: =DAĞILIM!A242 -> MEHMET ELLİİKİ | B40: =DAĞILIM!L245 -> 26100 | K40: 26100 | N40: =B40-C40-D40-E40-F40-G40-H40-I40-J40-K40-L40-M40 -> 0
A41: =DAĞILIM!A247 -> NURİ ŞAHİN ESTUR LİVİN | B41: =DAĞILIM!L249 -> 29700 | K41: 29700 | N41: =B41-C41-D41-E41-F41-G41-H41-I41-J41-K41-L41-M41 -> 0
A42: =DAĞILIM!A258 -> MEHMET AVAR | B42: =DAĞILIM!L276 -> 556380 | K42: 556380 | N42: =B42-C42-D42-E42-F42-G42-H42-I42-J42-K42-L42-M42 -> 0
A43: =DAĞILIM!A277 -> MEHMET SERDAROĞLU | B43: =DAĞILIM!L280 -> 57475 | K43: 57475 | N43: =B43-C43-D43-E43-F43-G43-H43-I43-J43-K43-L43-M43 -> 0
A44: =DAĞILIM!A281 -> MEHTAP ÖZCAN | B44: =DAĞILIM!L284 -> 53460 | C44: 7184.064 | K44: 46275 | N44: =B44-C44-D44-E44-F44-G44-H44-I44-J44-K44-L44-M44 -> 0.936
A45: =DAĞILIM!A285 -> EMRAH ESEN | B45: =DAĞILIM!L291 -> 112442 | K45: 112442 | N45: =B45-C45-D45-E45-F45-G45-H45-I45-J45-K45-L45-M45 -> 0
A46: =DAĞILIM!A292 -> MUSTAFA KARGÜZEL | B46: =DAĞILIM!L332 -> 948090 | J46: 948090 | N46: =B46-C46-D46-E46-F46-G46-H46-I46-J46-K46-L46-M46 -> 0
A47: =DAĞILIM!A333 -> MUSTAFA ÖNAL | B47: =DAĞILIM!L336 -> 55440 | K47: 55440 | N47: =B47-C47-D47-E47-F47-G47-H47-I47-J47-K47-L47-M47 -> 0
A48: =DAĞILIM!A337 -> MUSTAFA ÖZTÜRK | B48: =DAĞILIM!L340 -> 47520 | D48: 10000 | K48: 37520 | N48: =B48-C48-D48-E48-F48-G48-H48-I48-J48-K48-L48-M48 -> 0
A49: =DAĞILIM!A341 -> NEVZATÖZBAY | B49: =DAĞILIM!L343 -> 23400 | K49: 23400 | N49: =B49-C49-D49-E49-F49-G49-H49-I49-J49-K49-L49-M49 -> 0
A50: =DAĞILIM!A351 -> RAMAZAN MERVE YILMAZ | B50: =DAĞILIM!L354 -> 66550 | K50: 66550 | N50: =B50-C50-D50-E50-F50-G50-H50-I50-J50-K50-L50-M50 -> 0
A51: =DAĞILIM!A356 -> RAMİS HAKAN GÜMÜŞ | B51: =DAĞILIM!L364 -> 208879 | K51: 208879 | N51: =B51-C51-D51-E51-F51-G51-H51-I51-J51-K51-L51-M51 -> 0
A52: =DAĞILIM!A367 -> SAFFET DİN | B52: =DAĞILIM!L369 -> 41470 | K52: 41470 | N52: =B52-C52-D52-E52-F52-G52-H52-I52-J52-K52-L52-M52 -> 0
A53: =DAĞILIM!A370 -> SEFA ÖZPİLAVCI | B53: =DAĞILIM!L372 -> 35640 | K53: 35640 | N53: =B53-C53-D53-E53-F53-G53-H53-I53-J53-K53-L53-M53 -> 0
A54: =DAĞILIM!A373 -> SALİH ÖZTAŞ | B54: =DAĞILIM!L377 -> 32400 | K54: 32400 | N54: =B54-C54-D54-E54-F54-G54-H54-I54-J54-K54-L54-M54 -> 0
A55: =DAĞILIM!A378 -> SAMET ERİŞİR | B55: =DAĞILIM!L380 -> 41040 | K55: 41040 | N55: =B55-C55-D55-E55-F55-G55-H55-I55-J55-K55-L55-M55 -> 0
A56: =DAĞILIM!A381 -> SERCAN AVCI | B56: =DAĞILIM!L385 -> 159280 | K56: 159280 | N56: =B56-C56-D56-E56-F56-G56-H56-I56-J56-K56-L56-M56 -> 0
A57: =DAĞILIM!A387 -> SERHAT TURAN TURAN TUR | B57: =DAĞILIM!L391 -> 40040 | K57: 40040 | N57: =B57-C57-D57-E57-F57-G57-H57-I57-J57-K57-L57-M57 -> 0
A58: =DAĞILIM!A392 -> ESMER ATAK :(SERKAN AKKOYUN) | B58: =DAĞILIM!L397 -> 26675 | C58: =SUM('[2]DIŞ ALIM'!$H$84) -> 3749.757 | K58: 22925.24 | N58: =B58-C58-D58-E58-F58-G58-H58-I58-J58-K58-L58-M58 -> 0.002976
A59: =DAĞILIM!A398 -> SERKAN KASAP | B59: =DAĞILIM!L401 -> 172425 | K59: 172425 | N59: =B59-C59-D59-E59-F59-G59-H59-I59-J59-K59-L59-M59 -> 0
A60: =DAĞILIM!A402 -> ŞABAN ŞİRİN | B60: =DAĞILIM!L404 -> 67925 | K60: 67925 | N60: =B60-C60-D60-E60-F60-G60-H60-I60-J60-K60-L60-M60 -> 0
A61: =DAĞILIM!A405 -> ŞAHİNLER ARZU DİNDAROĞLU | B61: =DAĞILIM!L408 -> 25740 | K61: 25740 | N61: =B61-C61-D61-E61-F61-G61-H61-I61-J61-K61-L61-M61 -> 0
A62: =DAĞILIM!A410 -> FATİH ARI TUNCAY GÖKTAŞ | B62: =DAĞILIM!L415 -> 148533 | K62: 148533 | N62: =B62-C62-D62-E62-F62-G62-H62-I62-J62-K62-L62-M62 -> 0
A63: =DAĞILIM!A416 -> UFUK KÖYMEN | B63: =DAĞILIM!L439 -> 539385 | C63: =SUM('[2]DIŞ ALIM'!$H$72) -> 14788.558 | D63: 4500 | E63: ='[3]2-3-8'!$E$23 -> 150000 | F63: 250000 | K63: 120096.44 | N63: =B63-C63-D63-E63-F63-G63-H63-I63-J63-K63-L63-M63 -> 0.00225
A64: =DAĞILIM!A441 -> UGUR ERGEZEN | B64: =DAĞILIM!L444 -> 32670 | K64: 32670 | N64: =B64-C64-D64-E64-F64-G64-H64-I64-J64-K64-L64-M64 -> 0
A65: =DAĞILIM!A445 -> UGUR BENLİ | B65: =DAĞILIM!L454 -> 166078 | K65: 166078 | N65: =B65-C65-D65-E65-F65-G65-H65-I65-J65-K65-L65-M65 -> 0
A66: =DAĞILIM!A456 -> VEYSEL KARATAŞ | B66: =DAĞILIM!L460 -> 52305 | K66: 52305 | N66: =B66-C66-D66-E66-F66-G66-H66-I66-J66-K66-L66-M66 -> 0
A67: =DAĞILIM!A462 -> YALÇIN DAMAR | B67: =DAĞILIM!L470 -> 106425 | K67: 106425 | N67: =B67-C67-D67-E67-F67-G67-H67-I67-J67-K67-L67-M67 -> 0
A68: =DAĞILIM!A477 -> YILDIRIM KARDEŞLER | B68: =DAĞILIM!L483 -> 171156 | K68: 171156 | N68: =B68-C68-D68-E68-F68-G68-H68-I68-J68-K68-L68-M68 -> 0
A69: ÇALIŞANA ÖDEME | B69: =SUM(B3:B68) -> 8142446 | C69: =SUM(C2:C68) -> 136800.36 | D69: =SUM(D2:D68) -> 135038.95 | E69: =SUM(E2:E68) -> 570200 | F69: =SUM(F2:F68) -> 365000 | G69: =SUM(G2:G68) -> 0 | H69: =SUM(H2:H68) -> 0 | I69: =SUM(I2:I68) -> 0 | J69: =SUM(J2:J68) -> 1079495 | ... L69: =SUM(L2:L68) -> 0 | M69: =SUM(M3:M68) -> 0 | N69: =SUM(N3:N68) -> -222399.82
A70: ÇALIŞAN TEVİFAT ÖDEME | B70: =DAĞILIM!K485 -> 706990 | C70: ='[2]DIŞ ALIM'!$H$77 -> 2095.1163 | D70: SERDAR | K70: 10000 | N70: =B70 -> 706990
A71: ŞUBAT TOPLAM HAKEDİŞ ÖDEME | B71: =SUM(B69:B70) -> 8849436 | C71: ='[2]DIŞ ALIM'!$H$81 -> 1552.7258 | D71: MİTHAT | N71: =SUM(N69:N70) -> 484590.18
C72: ='[3]YENİ AY'!$E$11 -> 16164.144 | D72: BAYRAM TEMMUZA | L72: =K69+L69+L70 -> 6078311.5
C73: =SUM(C69:C72) -> 156612.35

Sheet FATURALANDIRMA
B1: BAŞAK TRAKTÖR | C1: MATRAH | D1: KDV | E1: G.TOPLAM
B2: HAZİRAN | C2: =[4]HAZİRAN!$C$4+[4]HAZİRAN!$C$5 -> 1861733.3 | D2: =[4]HAZİRAN!$D$4+[4]HAZİRAN!$D$5 -> 329146.67 | E2: =SUM(C2:D2) -> 2190880
B4: ÇALIŞAN HAKEDİŞ ÖDEME TOPLAMI
B5: ='YÜKLENİCİ ARAÇLARI'!C2 -> UFUK KÖYMEN | C5: ='YÜKLENİCİ ARAÇLARI'!H2+'YÜKLENİCİ ARAÇLARI'!H3+'YÜKLENİCİ ARAÇLARI'!H4 -> 34200 | D5: ='YÜKLENİCİ ARAÇLARI'!I2+'YÜKLENİCİ ARAÇLARI'!I3+'YÜKLENİCİ ARAÇLARI'!I4 -> 6840 | E5: =SUM(C5:D5) -> 41040
B6: ='YÜKLENİCİ ARAÇLARI'!C5 -> SAFFET DİN (BÖLGEM TRZ) | C6: ='YÜKLENİCİ ARAÇLARI'!H5 -> 37700 | D6: ='YÜKLENİCİ ARAÇLARI'!I5 -> 7540 | E6: =SUM(C6:D6) -> 45240
B7: ='YÜKLENİCİ ARAÇLARI'!C6 -> YALÇIN DAMAR | C7: ='YÜKLENİCİ ARAÇLARI'!H6+'YÜKLENİCİ ARAÇLARI'!H54+'YÜKLENİCİ ARAÇLARI'!H55+'YÜKLENİCİ ARAÇLARI'!H56 -> 96750 | D7: ='YÜKLENİCİ ARAÇLARI'!I6+'YÜKLENİCİ ARAÇLARI'!I54+'YÜKLENİCİ ARAÇLARI'!I55+'YÜKLENİCİ ARAÇLARI'!I56 -> 19350 | E7: =SUM(C7:D7) -> 116100
B8: ='YÜKLENİCİ ARAÇLARI'!C7 -> MEHMET ANLAŞ | C8: ='YÜKLENİCİ ARAÇLARI'!H7+Tablo5[[#This Row],[TOPLAM]]+'YÜKLENİCİ ARAÇLARI'!H9 -> 35400 | D8: ='YÜKLENİCİ ARAÇLARI'!I7+Tablo5[[#This Row],[0,20%]]+'YÜKLENİCİ ARAÇLARI'!I9 -> 7080 | E8: =SUM(C8:D8) -> 42480
B9: ='YÜKLENİCİ ARAÇLARI'!C10 -> SERKAN AKKOYUN | C9: ='YÜKLENİCİ ARAÇLARI'!H10+'YÜKLENİCİ ARAÇLARI'!H11+'YÜKLENİCİ ARAÇLARI'!H50 -> 24250 | D9: ='YÜKLENİCİ ARAÇLARI'!I10+'YÜKLENİCİ ARAÇLARI'!I11+'YÜKLENİCİ ARAÇLARI'!I50 -> 4850 | E9: ='YÜKLENİCİ ARAÇLARI'!J10+'YÜKLENİCİ ARAÇLARI'!J11+'YÜKLENİCİ ARAÇLARI'!J50 -> 29100
B10: ='YÜKLENİCİ ARAÇLARI'!C12 -> NEVZAT ÖZBAY | C10: ='YÜKLENİCİ ARAÇLARI'!H12 -> 23400 | D10: ='YÜKLENİCİ ARAÇLARI'!I12 -> 0 | E10: =SUM(C10:D10) -> 23400
B11: ='YÜKLENİCİ ARAÇLARI'!C14 -> VEYSEL KARATAŞ | C11: ='YÜKLENİCİ ARAÇLARI'!H14+'YÜKLENİCİ ARAÇLARI'!H15+'YÜKLENİCİ ARAÇLARI'!H32 -> 47550 | D11: ='YÜKLENİCİ ARAÇLARI'!I14+'YÜKLENİCİ ARAÇLARI'!I15+'YÜKLENİCİ ARAÇLARI'!I32 -> 9510 | E11: =SUM(C11:D11) -> 57060
B12: ='YÜKLENİCİ ARAÇLARI'!C16 -> MEHMET SERDAROĞLU | C12: ='YÜKLENİCİ ARAÇLARI'!H16+'YÜKLENİCİ ARAÇLARI'!H17 -> 52250 | D12: ='YÜKLENİCİ ARAÇLARI'!I16+'YÜKLENİCİ ARAÇLARI'!I17 -> 10450 | E12: =SUM(C12:D12) -> 62700
B13: ='YÜKLENİCİ ARAÇLARI'!C18 -> SALİH ÖZTAŞ | C13: ='YÜKLENİCİ ARAÇLARI'!H18 -> 32400 | D13: ='YÜKLENİCİ ARAÇLARI'!I18 -> 0 | E13: =SUM(C13:D13) -> 32400
B14: ='YÜKLENİCİ ARAÇLARI'!C19 -> ELİK TUR(HANİFİ ELİK) | C14: ='YÜKLENİCİ ARAÇLARI'!H19+'YÜKLENİCİ ARAÇLARI'!H20 -> 34000 | D14: ='YÜKLENİCİ ARAÇLARI'!I19+'YÜKLENİCİ ARAÇLARI'!I20 -> 6800 | E14: =SUM(C14:D14) -> 40800
B15: ='YÜKLENİCİ ARAÇLARI'!C21 -> RAMİS GÜMÜŞ | C15: ='YÜKLENİCİ ARAÇLARI'!H21+'YÜKLENİCİ ARAÇLARI'!H41+'YÜKLENİCİ ARAÇLARI'!H42 -> 71050 | D15: ='YÜKLENİCİ ARAÇLARI'!I21+'YÜKLENİCİ ARAÇLARI'!I41+'YÜKLENİCİ ARAÇLARI'!I42 -> 14210 | E15: =SUM(C15:D15) -> 85260
B16: ='YÜKLENİCİ ARAÇLARI'!C24 -> UGUR ERGEZEN | C16: ='YÜKLENİCİ ARAÇLARI'!H24+'YÜKLENİCİ ARAÇLARI'!H25 -> 29700 | D16: ='YÜKLENİCİ ARAÇLARI'!I24+'YÜKLENİCİ ARAÇLARI'!I25 -> 5940 | E16: =SUM(C16:D16) -> 35640
B17: ='YÜKLENİCİ ARAÇLARI'!C22 -> SERHAT TURAN TUR | C17: ='YÜKLENİCİ ARAÇLARI'!H22+'YÜKLENİCİ ARAÇLARI'!H28+'YÜKLENİCİ ARAÇLARI'!H43 -> 36400 | D17: ='YÜKLENİCİ ARAÇLARI'!I22+'YÜKLENİCİ ARAÇLARI'!I28+'YÜKLENİCİ ARAÇLARI'!I43 -> 7280 | E17: =SUM(C17:D17) -> 43680
B18: ='YÜKLENİCİ ARAÇLARI'!C29 -> ERMAN TUR | C18: ='YÜKLENİCİ ARAÇLARI'!H29+'YÜKLENİCİ ARAÇLARI'!H30 -> 23400 | D18: ='YÜKLENİCİ ARAÇLARI'!I29+'YÜKLENİCİ ARAÇLARI'!I30 -> 4680 | E18: =SUM(C18:D18) -> 28080
B19: ='YÜKLENİCİ ARAÇLARI'!C31 -> GÜVEN TUR | C19: ='YÜKLENİCİ ARAÇLARI'!H31 -> 23400 | D19: ='YÜKLENİCİ ARAÇLARI'!I31 -> 4680 | E19: =SUM(C19:D19) -> 28080
B20: ='YÜKLENİCİ ARAÇLARI'!C33 -> KADİR TUNCEL | C20: ='YÜKLENİCİ ARAÇLARI'!H33+'YÜKLENİCİ ARAÇLARI'!H36 -> 46800 | D20: ='YÜKLENİCİ ARAÇLARI'!I33+'YÜKLENİCİ ARAÇLARI'!I36 -> 9360 | E20: =SUM(C20:D20) -> 56160
B21: ='YÜKLENİCİ ARAÇLARI'!C34 -> İBRAHİM AKKUŞ | C21: ='YÜKLENİCİ ARAÇLARI'!H34+'YÜKLENİCİ ARAÇLARI'!H35 -> 49300 | D21: ='YÜKLENİCİ ARAÇLARI'!I34+'YÜKLENİCİ ARAÇLARI'!I35 -> 9860 | E21: =SUM(C21:D21) -> 59160
B22: ='YÜKLENİCİ ARAÇLARI'!C37 -> EMİN-ARZU DİNDAROĞLU | C22: ='YÜKLENİCİ ARAÇLARI'!H37 -> 23400 | D22: ='YÜKLENİCİ ARAÇLARI'!I37 -> 4680 | E22: =SUM(C22:D22) -> 28080
B23: ='YÜKLENİCİ ARAÇLARI'!C38 -> REMZİ/HÜRREM DORUK | C23: ='YÜKLENİCİ ARAÇLARI'!H38 -> 23400 | D23: ='YÜKLENİCİ ARAÇLARI'!I38 -> 0 | E23: =SUM(C23:D23) -> 23400
B24: ='YÜKLENİCİ ARAÇLARI'!C39 -> GÖKHAN IŞIK | C24: ='YÜKLENİCİ ARAÇLARI'!H39+'YÜKLENİCİ ARAÇLARI'!H40+'YÜKLENİCİ ARAÇLARI'!H26+'YÜKLENİCİ ARAÇLARI'!H27 -> 77500 | D24: ='YÜKLENİCİ ARAÇLARI'!I39+'YÜKLENİCİ ARAÇLARI'!I40+'YÜKLENİCİ ARAÇLARI'!I26+'YÜKLENİCİ ARAÇLARI'!I27 -> 15500 | E24: =SUM(C24:D24) -> 93000
B25: ='YÜKLENİCİ ARAÇLARI'!C44 -> RAMAZAN /MERVE YILMAZ | C25: ='YÜKLENİCİ ARAÇLARI'!H44+'YÜKLENİCİ ARAÇLARI'!H23 -> 60500 | D25: ='YÜKLENİCİ ARAÇLARI'!I44+'YÜKLENİCİ ARAÇLARI'!I23 -> 12100 | E25: =SUM(C25:D25) -> 72600
B26: ='YÜKLENİCİ ARAÇLARI'!C45 -> NURİ ŞAHİN ESTUR LIVIN | C26: ='YÜKLENİCİ ARAÇLARI'!H45 -> 27000 | D26: ='YÜKLENİCİ ARAÇLARI'!I45 -> 5400 | E26: =SUM(C26:D26) -> 32400
B27: ='YÜKLENİCİ ARAÇLARI'!C46 -> EMİRCAN KURT | C27: ='YÜKLENİCİ ARAÇLARI'!H46+'YÜKLENİCİ ARAÇLARI'!H48+'YÜKLENİCİ ARAÇLARI'!H49+'YÜKLENİCİ ARAÇLARI'!H51+'YÜKLENİCİ ARAÇLARI'!H53 -> 107800 | D27: ='YÜKLENİCİ ARAÇLARI'!I46+'YÜKLENİCİ ARAÇLARI'!I48+'YÜKLENİCİ ARAÇLARI'!I49+'YÜKLENİCİ ARAÇLARI'!I51+'YÜKLENİCİ ARAÇLARI'!I53 -> 21560 | E27: ='YÜKLENİCİ ARAÇLARI'!J46+'YÜKLENİCİ ARAÇLARI'!J48+'YÜKLENİCİ ARAÇLARI'!J49+'YÜKLENİCİ ARAÇLARI'!J51+'YÜKLENİCİ ARAÇLARI'!J53 -> 129360
B28: ='YÜKLENİCİ ARAÇLARI'!C52 -> Y EMRE OCAK | C28: ='YÜKLENİCİ ARAÇLARI'!H52 -> 9900 | D28: ='YÜKLENİCİ ARAÇLARI'!I52 -> 1980 | E28: =SUM(C28:D28) -> 11880
B29: ='YÜKLENİCİ ARAÇLARI'!C47 -> MUSTAFA ÖZTÜRK | C29: ='YÜKLENİCİ ARAÇLARI'!H47 -> 23400 | D29: ='YÜKLENİCİ ARAÇLARI'!I47 -> 4680 | E29: =SUM(C29:D29) -> 28080
B31: ÇALIŞANA ÖDEME | C31: =SUM(C5:C30) -> 1050850 | D31: =SUM(D5:D30) -> 194330 | E31: =SUM(E5:E30) -> 1245180
B34: ÇALIŞAN ÖDEMEDEN SONRA | C34: MATRAH | D34: KDV | E34: TOPLAM
B35: ÇALIŞAN ÖDEMEDEN SONRA | C35: =C2-C31 -> 810883.33 | D35: =D2-D31 -> 134816.67 | E35: =E2-E31 -> 945700
B38: ASİL TUR ARAÇ KAZANCI | C38: MATRAH | D38: KDV | E38: G.TOPLAM
B39: ='ŞİRKET ARAÇ'!C2 -> 54 S 0562 | C39: ='ŞİRKET ARAÇ'!G2 -> 52500 | D39: ='ŞİRKET ARAÇ'!J2 -> 5250 | E39: =SUM(C39:D39) -> 57750
B40: ='ŞİRKET ARAÇ'!C3 -> 54 S 1173 | C40: ='ŞİRKET ARAÇ'!G3 -> 52500 | D40: ='ŞİRKET ARAÇ'!J3 -> 5250 | E40: =SUM(C40:D40) -> 57750
B41: ='ŞİRKET ARAÇ'!C4 -> 54 S 0857 | C41: ='ŞİRKET ARAÇ'!G4+'ŞİRKET ARAÇ'!G6 -> 91800 | D41: ='ŞİRKET ARAÇ'!J4+'ŞİRKET ARAÇ'!J6 -> 9180 | E41: =SUM(C41:D41) -> 100980
B42: ='ŞİRKET ARAÇ'!C7 -> 54 S 0564 | C42: ='ŞİRKET ARAÇ'!G7 -> 71400 | D42: ='ŞİRKET ARAÇ'!J7 -> 7140 | E42: =SUM(C42:D42) -> 78540
B43: ='ŞİRKET ARAÇ'!C9 -> 54 S 0565 | C43: ='ŞİRKET ARAÇ'!G8+'ŞİRKET ARAÇ'!G9 -> 66300 | D43: ='ŞİRKET ARAÇ'!J9 -> 6630 | E43: =SUM(C43:D43) -> 72930
B44: ='ŞİRKET ARAÇ'!C10 -> 54 S 1194 | C44: ='ŞİRKET ARAÇ'!G10 -> 48750 | D44: ='ŞİRKET ARAÇ'!J10 -> 4875 | E44: =SUM(C44:D44) -> 53625
B45: ='ŞİRKET ARAÇ'!C14 -> 54 S 0257 | C45: ='ŞİRKET ARAÇ'!G14 -> 49400 | D45: ='ŞİRKET ARAÇ'!J14 -> 4940 | E45: =SUM(C45:D45) -> 54340
B46: TOPLAM | C46: =SUM(C39:C45) -> 432650 | D46: =SUM(D39:D45) -> 43265 | E46: =SUM(E39:E45) -> 475915
B49: AYRIŞTIRILMIŞ KAR | C49: MATRAH KALAN | D49: KDV KALAN | E49: TOPLAM KALAN
B50: ŞİRKET ARAÇ ÇALIŞMA TOPLAM | C50: =C46 -> 432650 | D50: =D46 -> 43265 | E50: =E46 -> 475915
B52: KOMİSYON KARI TOPLAM | C52: =C2-C31-C46 -> 378233.33 | D52: =D2-D31-D46 -> 91551.666 | E52: =E2-E31-E46 -> 469785
B54: GENEL TOPLAM | C54: =SUM(C50:C52) -> 810883.33 | D54: =SUM(D50:D52) -> 134816.67 | E54: =SUM(E50:E52) -> 945700
B57: TÜVESAŞ PERSONEL | C57: MATRAH | D57: KDV | E57: G.TOPLAM
B58: HAZİRAN | C58: 854952.01 | D58: 149145.16 | E58: =SUM(C58:D58) -> 1004097.2
B59: ÇALIŞAN ARAÇ HAKEDİŞ ÖDEMESİ
B60: ='YÜKLENİCİ ARAÇLARI'!C61 -> SERKAN KASAP | C60: ='YÜKLENİCİ ARAÇLARI'!H61+'YÜKLENİCİ ARAÇLARI'!H62 -> 156750 | D60: ='YÜKLENİCİ ARAÇLARI'!I61+'YÜKLENİCİ ARAÇLARI'!I62 -> 31350 | E60: =SUM(C60:D60) -> 188100 | H60: 89994.51 | I60: 15699.41 | J60: =SUM(H60:I60) -> 105693.92
B61: ='YÜKLENİCİ ARAÇLARI'!C63 -> ALİ BAHRİ DEMİR | C61: ='YÜKLENİCİ ARAÇLARI'!H63 -> 71250 | D61: ='YÜKLENİCİ ARAÇLARI'!I63 -> 14250 | E61: =SUM(C61:D61) -> 85500 | H61: 224987.5 | I61: 39248.75 | J61: =SUM(H61:I61) -> 264236.25
B62: ='YÜKLENİCİ ARAÇLARI'!C64 -> HAMDİ ÖCAL SAPANCA SYH | C62: ='YÜKLENİCİ ARAÇLARI'!H64 -> 66500 | D62: ='YÜKLENİCİ ARAÇLARI'!I64 -> 13300 | E62: ='YÜKLENİCİ ARAÇLARI'!J64 -> 79800 | H62: 224987.5 | I62: 39248.75 | J62: =SUM(H62:I62) -> 264236.25
B63: ='YÜKLENİCİ ARAÇLARI'!C65 -> ŞABAN ŞİRİN | C63: ='YÜKLENİCİ ARAÇLARI'!H65 -> 61750 | D63: ='YÜKLENİCİ ARAÇLARI'!I65 -> 12350 | E63: ='YÜKLENİCİ ARAÇLARI'!J65 -> 74100 | H63: 314982.5 | I63: 54948.25 | J63: =SUM(H63:I63) -> 369930.75
B64: TOPLAM | C64: =SUM(C60:C63) -> 356250 | D64: =SUM(D60:D63) -> 71250 | E64: =SUM(E60:E63) -> 427500 | H64: =SUM(H60:H63) -> 854952.01 | I64: =SUM(I60:I63) -> 149145.16 | J64: =SUM(J60:J63) -> 1004097.2
B66: ÇALIŞAN ÖDEMEDEN SONRA | C66: MATRAH | D66: KDV | E66: TOPLAM | H66: 169000 | I66: 16900 | J66: =SUM(H66:I66) -> 185900
B67: ÇALIŞAN ÖDEMEDEN SONRA | C67: =C58-C64 -> 498702.01 | D67: =D58-D64 -> 77895.16 | E67: =E58-E64 -> 576597.17 | H67: 295750 | I67: 29575 | J67: =SUM(H67:I67) -> 325325
H68: 295750 | I68: 29575 | J68: =SUM(H68:I68) -> 325325
B69: ASİL TUR ARAÇ | C69: MATRAH | D69: KDV | E69: G.TOPLAM | H69: 507000 | I69: 50700 | J69: =SUM(H69:I69) -> 557700
B70: ='ŞİRKET ARAÇ'!C24 -> 54 S 0562 | C70: ='ŞİRKET ARAÇ'!G24 -> 95000 | D70: =C70*0.1 -> 9500 | E70: =SUM(C70:D70) -> 104500 | H70: =SUM(H66:H69) -> 1267500 | I70: =SUM(I66:I69) -> 126750 | J70: =SUM(J66:J69) -> 1394250
B71: ='ŞİRKET ARAÇ'!C26 -> 54 S 0565 | C71: ='ŞİRKET ARAÇ'!G26 -> 15603.75 | D71: =C71*0.1 -> 1560.375 | E71: =SUM(C71:D71) -> 17164.125
B72: ='ŞİRKET ARAÇ'!C27 -> 54 S 0564 | C72: ='ŞİRKET ARAÇ'!G27 -> 15603.75 | D72: =C72*0.1 -> 1560.375 | E72: =SUM(C72:D72) -> 17164.125 | H72: 11667.49 | I72: =H72*0.2 -> 2333.498 | J72: =SUM(H72:I72) -> 14000.988
B73: ='ŞİRKET ARAÇ'!C28 -> 54 S 567-2933 | C73: ='ŞİRKET ARAÇ'!G28 -> 15603.75 | D73: =C73*0.1 -> 1560.375 | E73: =SUM(C73:D73) -> 17164.125 | H73: 29870.81 | I73: =H73*0.2 -> 5974.162 | J73: =SUM(H73:I73) -> 35844.972
B74: ='ŞİRKET ARAÇ'!C29 -> 54 S 0257 | C74: ='ŞİRKET ARAÇ'!G29 -> 31207.5 | D74: =C74*0.1 -> 3120.75 | E74: =SUM(C74:D74) -> 34328.25 | H74: 29522.48 | I74: =H74*0.2 -> 5904.496 | J74: =SUM(H74:I74) -> 35426.976
B75: ='ŞİRKET ARAÇ'!C31 -> 54 S 1773 | C75: ='ŞİRKET ARAÇ'!G31 -> 46811.25 | D75: =C75*0.1 -> 4681.125 | E75: =SUM(C75:D75) -> 51492.375 | H75: 4224.16 | I75: =H75*0.2 -> 844.832 | J75: =SUM(H75:I75) -> 5068.992
B76: ='ŞİRKET ARAÇ'!C32 -> 54 S 0857 | C76: ='ŞİRKET ARAÇ'!G32 -> 15603.75 | D76: =C76*0.1 -> 1560.375 | E76: =SUM(C76:D76) -> 17164.125 | H76: =SUM(H72:H75) -> 75284.94 | I76: =SUM(I72:I75) -> 15056.988 | J76: =SUM(J72:J75) -> 90341.928
B77: ='ŞİRKET ARAÇ'!C33 -> 54 S 1194 | C77: ='ŞİRKET ARAÇ'!G33 -> 46811.25 | D77: =C77*0.1 -> 4681.125 | E77: =SUM(C77:D77) -> 51492.375
B78: ='ŞİRKET ARAÇ'!C34 -> 54 S 0572 | C78: ='ŞİRKET ARAÇ'!G34 -> 15603.75 | D78: =C78*0.1 -> 1560.375 | E78: =SUM(C78:D78) -> 17164.125
B79: ='ŞİRKET ARAÇ'!C35 -> 54 S 2295 | C79: ='ŞİRKET ARAÇ'!G35 -> 15603.75 | D79: =C79*0.1 -> 1560.375 | E79: =SUM(C79:D79) -> 17164.125
B80: ='ŞİRKET ARAÇ'!C36 -> 54 S1773 | C80: ='ŞİRKET ARAÇ'!G36 -> 0 | D80: =C80*0.1 -> 0 | E80: =SUM(C80:D80) -> 0
B81: TOPLAM | C81: =SUM(C70:C80) -> 313452.5 | D81: =SUM(D70:D80) -> 31345.25 | E81: =SUM(E70:E80) -> 344797.75
B85: AYRIŞTIRILMIŞ KAR | C85: MATRAH KALAN | D85: KDV KALAN | E85: TOPLAM KALAN
B86: ŞİRKET ARAÇ ÇALIŞMA | C86: =C81 -> 313452.5 | D86: =D81 -> 31345.25 | E86: =E81 -> 344797.75
B88: KOMİSYON KARI | C88: =C58-C64-C81 -> 185249.51 | D88: =D58-D64-D81 -> 46549.91 | E88: =E58-E64-E81 -> 231799.42
B90: GENEL TOPLAM KAR | C90: =SUM(C86:C88) -> 498702.01 | D90: =SUM(D86:D88) -> 77895.16 | E90: =SUM(E86:E88) -> 576597.17
B94: TÜRESAŞ ARAÇ | C94: MATRAH | D94: KDV | E94: G.TOPLAM
B95: HAZİRAN | C95: =H70 -> 1267500 | D95: =I70 -> 126750 | E95: =SUM(C95:D95) -> 1394250 | H95: 378450 | I95: =H95*0.1 -> 37845
H96: 420500 | I96: =H96*0.1 -> 42050
B97: ='YÜKLENİCİ ARAÇLARI'!C70 -> YILDIRIM KARDEŞLER | C97: ='YÜKLENİCİ ARAÇLARI'!H70+'YÜKLENİCİ ARAÇLARI'!H71+'YÜKLENİCİ ARAÇLARI'!H72+'YÜKLENİCİ ARAÇLARI'!H73+'YÜKLENİCİ ARAÇLARI'!H74 -> 142630 | D97: ='YÜKLENİCİ ARAÇLARI'!I70+'YÜKLENİCİ ARAÇLARI'!I71+'YÜKLENİCİ ARAÇLARI'!I72+'YÜKLENİCİ ARAÇLARI'!I73+'YÜKLENİCİ ARAÇLARI'!I74 -> 28526 | E97: ='YÜKLENİCİ ARAÇLARI'!J70+'YÜKLENİCİ ARAÇLARI'!J71+'YÜKLENİCİ ARAÇLARI'!J72+'YÜKLENİCİ ARAÇLARI'!J73+'YÜKLENİCİ ARAÇLARI'!J74 -> 171156 | H97: 378450 | I97: =H97*0.1 -> 37845
B98: ='YÜKLENİCİ ARAÇLARI'!C75 -> ÖZCAN KURT | C98: ='YÜKLENİCİ ARAÇLARI'!H75 -> 40050 | D98: ='YÜKLENİCİ ARAÇLARI'!I75 -> 8010 | E98: ='YÜKLENİCİ ARAÇLARI'!J75 -> 48060 | H98: =SUM(H95:H97) -> 1177400 | I98: =SUM(I95:I97) -> 117740 | J98: =SUM(H98:I98) -> 1295140
B99: TOPLAM ÖDEME | C99: =SUM(C97:C98) -> 182680 | D99: =SUM(D97:D98) -> 36536 | E99: =SUM(E97:E98) -> 219216 | J99: =J98+J64 -> 2299237.2
J100: =J56 -> 0
J101: =SUM(J99:J100) -> 2299237.2
C102: MATRAH | D102: KDV | E102: TOPLAM
B103: ÖDEMEDEN SONRA KALAN | C103: =C95-C99 -> 1084820 | D103: =D95-D99 -> 90214 | E103: =E95-E99 -> 1175034
B107: AYRIŞTIRILMIŞ KAR | C107: MATRAH KALAN | D107: KDV KALAN | E107: TOPLAM KALAN
B108: ŞİRKET ARAÇ ÇALIŞMA | C108: ='ŞİRKET ARAÇ'!G64 -> 1030500 | E108: =SUM(C108:D108) -> 1030500
B110: KOMİSYON KARI | C110: =C95-C108-C99 -> 54320 | D110: =D95-D108-D99 -> 90214 | E110: =SUM(C110:D110) -> 144534
B113: TOPLAM | C113: =SUM(C108:C112) -> 1084820 | D113: =SUM(D108:D112) -> 90214 | E113: =SUM(E108:E112) -> 1175034
B117: ALYAN GIDA | C117: MATRAH | D117: KDV | E117: G.TOPLAM
B118: HAZİRAN | C118: =[4]HAZİRAN!$C$25+[4]HAZİRAN!$C$26 -> 1057145 | D118: =[4]HAZİRAN!$D$25+[4]HAZİRAN!$D$26 -> 186293.5 | E118: =SUM(C118:D118) -> 1243438.5
B120: ÇALIŞANA ÖDEME
B121: ='YÜKLENİCİ ARAÇLARI'!C79 -> UFUK KÖYMEN | C121: ='YÜKLENİCİ ARAÇLARI'!H79+'YÜKLENİCİ ARAÇLARI'!H80 -> 86500 | D121: ='YÜKLENİCİ ARAÇLARI'!I79+'YÜKLENİCİ ARAÇLARI'!I80 -> 17300 | E121: ='YÜKLENİCİ ARAÇLARI'!J79+'YÜKLENİCİ ARAÇLARI'!J80 -> 103800
B122: ='YÜKLENİCİ ARAÇLARI'!C82 -> AHMET ATABEK | C122: ='YÜKLENİCİ ARAÇLARI'!H82+'YÜKLENİCİ ARAÇLARI'!H83 -> 55000 | D122: ='YÜKLENİCİ ARAÇLARI'!I82+'YÜKLENİCİ ARAÇLARI'!I83 -> 11000 | E122: ='YÜKLENİCİ ARAÇLARI'!J82+'YÜKLENİCİ ARAÇLARI'!J83 -> 66000
B123: ='YÜKLENİCİ ARAÇLARI'!C84 -> HALİL BÜYÜKTANZİM | C123: ='YÜKLENİCİ ARAÇLARI'!H84+'YÜKLENİCİ ARAÇLARI'!H85 -> 67000 | D123: ='YÜKLENİCİ ARAÇLARI'!I84+'YÜKLENİCİ ARAÇLARI'!I85 -> 13400 | E123: ='YÜKLENİCİ ARAÇLARI'!J84+'YÜKLENİCİ ARAÇLARI'!J85 -> 80400
B124: ='YÜKLENİCİ ARAÇLARI'!C86 -> ESRA YILMAZ ÖRCÜN dursun yılmaz | C124: ='YÜKLENİCİ ARAÇLARI'!H86+'YÜKLENİCİ ARAÇLARI'!H87 -> 57360 | D124: ='YÜKLENİCİ ARAÇLARI'!I86+'YÜKLENİCİ ARAÇLARI'!I87 -> 11472 | E124: ='YÜKLENİCİ ARAÇLARI'!J86+'YÜKLENİCİ ARAÇLARI'!J87 -> 68832
B125: ='YÜKLENİCİ ARAÇLARI'!C88 -> ADİL YILMAZ | C125: ='YÜKLENİCİ ARAÇLARI'!H88 -> 38700 | D125: ='YÜKLENİCİ ARAÇLARI'!I88 -> 7740 | E125: ='YÜKLENİCİ ARAÇLARI'!J88 -> 46440
B126: ='YÜKLENİCİ ARAÇLARI'!C89 -> MUSTAFA KARAGÜZEL | C126: ='YÜKLENİCİ ARAÇLARI'!H89+'YÜKLENİCİ ARAÇLARI'!H90+'YÜKLENİCİ ARAÇLARI'!H91+'YÜKLENİCİ ARAÇLARI'!H92+'YÜKLENİCİ ARAÇLARI'!H95+'YÜKLENİCİ ARAÇLARI'!H96+'YÜKLENİCİ ARAÇLARI'!H97+'YÜKLENİCİ ARAÇLARI'!H98+'YÜKLENİCİ ARAÇLARI'!H99 -> 186200 | D126: ='YÜKLENİCİ ARAÇLARI'!I89+'YÜKLENİCİ ARAÇLARI'!I90+'YÜKLENİCİ ARAÇLARI'!I91+'YÜKLENİCİ ARAÇLARI'!I92+'YÜKLENİCİ ARAÇLARI'!I95+'YÜKLENİCİ ARAÇLARI'!I96+'YÜKLENİCİ ARAÇLARI'!I97+'YÜKLENİCİ ARAÇLARI'!I98+'YÜKLENİCİ ARAÇLARI'!I99 -> 37240 | E126: ='YÜKLENİCİ ARAÇLARI'!J89+'YÜKLENİCİ ARAÇLARI'!J90+'YÜKLENİCİ ARAÇLARI'!J91+'YÜKLENİCİ ARAÇLARI'!J92+'YÜKLENİCİ ARAÇLARI'!J95+'YÜKLENİCİ ARAÇLARI'!J96+'YÜKLENİCİ ARAÇLARI'!J97+'YÜKLENİCİ ARAÇLARI'!J98+'YÜKLENİCİ ARAÇLARI'!J99 -> 223440
B127: ='YÜKLENİCİ ARAÇLARI'!C93 -> BAYRAM YILMAZ | C127: ='YÜKLENİCİ ARAÇLARI'!H93+'YÜKLENİCİ ARAÇLARI'!H94 -> 74900 | D127: ='YÜKLENİCİ ARAÇLARI'!I93+'YÜKLENİCİ ARAÇLARI'!I94 -> 14980 | E127: ='YÜKLENİCİ ARAÇLARI'!J93+'YÜKLENİCİ ARAÇLARI'!J94 -> 89880
B128: ='YÜKLENİCİ ARAÇLARI'!C100 -> GÖKHAN IŞIK | C128: ='YÜKLENİCİ ARAÇLARI'!H100+'YÜKLENİCİ ARAÇLARI'!H101 -> 71525 | D128: ='YÜKLENİCİ ARAÇLARI'!I100+'YÜKLENİCİ ARAÇLARI'!I101 -> 14305 | E128: ='YÜKLENİCİ ARAÇLARI'!J100+'YÜKLENİCİ ARAÇLARI'!J101 -> 85830
B129: =#REF! -> #REF! | C129: =#REF! -> #REF! | D129: =#REF! -> #REF! | E129: =#REF! -> #REF!
B130: =#REF! -> #REF! | C130: =#REF! -> #REF! | D130: =#REF! -> #REF! | E130: =#REF! -> #REF!
B131: =#REF! -> #REF! | C131: =#REF! -> #REF! | D131: =#REF! -> #REF! | E131: =#REF! -> #REF!
...

Sheet TOPLAM GELİR VE GİDERLER
A1: FİRMA | B1: PLAKA | C1: BURDA BEBEK | D1: ISILSAN | E1: B-PLAS | F1: ALYAN | G1: VAGON | H1: BAŞAK | I1: ORMAN İŞLETME | J1: ='ŞİRKET ARAÇ'!A159 -> DBE FİRMA | K1: GEDİK KAYNAK
A2: BURDA /3 vrd | B2: 54 S 0571 | C2: ='ŞİRKET ARAÇ'!G129+'ŞİRKET ARAÇ'!G130 -> 108257.5 | L2: =SUM(C2:K2) -> 108257.5
A3: BURDA /MEMUR-KRC | B3: 54 S 0568 | C3: ='ŞİRKET ARAÇ'!G126 -> 0 | L3: =SUM(C3:K3) -> 0
A4: ISILSAN MAKİNA-AYYAN GECE | B4: 54 S 0856 | D4: ='ŞİRKET ARAÇ'!G147+'ŞİRKET ARAÇ'!G152 -> 63650 | F4: ='ŞİRKET ARAÇ'!G81+'ŞİRKET ARAÇ'!G82 -> 31275 | L4: =SUM(C4:K4) -> 94925
A5: ISILSAN MAKİNA | B5: 54 S 0567 | D5: ='ŞİRKET ARAÇ'!G153 -> 72450 | L5: =SUM(C5:K5) -> 72450
A6: ISILSAN MAKİNA | B6: ='ŞİRKET ARAÇ'!C154 -> 54 S 0860 | D6: ='ŞİRKET ARAÇ'!G154 -> 69375 | L6: =SUM(C6:K6) -> 69375
A7: ISILSAN MAKİNA | B7: 54 S 0569 | D7: ='ŞİRKET ARAÇ'!G156 -> 108150 | L7: =SUM(C7:K7) -> 108150
A8: B PLAS 3 VRD/VGON | B8: 54 S 3116 | E8: ='ŞİRKET ARAÇ'!G141+'ŞİRKET ARAÇ'!G142 -> 124100 | G8: ='ŞİRKET ARAÇ'!G30 -> 0 | L8: =SUM(C8:K8) -> 124100
A9: B PLAS KORUCUK | B9: 54 S 0570 | E9: ='ŞİRKET ARAÇ'!G136+'ŞİRKET ARAÇ'!G138 -> 196560 | L9: =SUM(C9:K9) -> 196560
A10: ='ŞİRKET ARAÇ'!A78 -> DDDD | B10: 54 S 0855 | F10: ='ŞİRKET ARAÇ'!G79+'ŞİRKET ARAÇ'!G80 -> 68600 | L10: =SUM(C10:K10) -> 68600
A11: BURDA BEBEK GRŞ ÇIKIŞ | B11: 54 S 0859 | C11: ='ŞİRKET ARAÇ'!G127 -> 75000 | L11: =SUM(C11:K11) -> 75000
A12: ALYAN | B12: 54 S 0858 | F12: ='ŞİRKET ARAÇ'!G89+'ŞİRKET ARAÇ'!G90 -> 53600 | L12: =SUM(C12:K12) -> 53600
A13: ALYAN/3 VRD | B13: 54 S 0560 | L13: =SUM(C13:K13) -> 0
A14: ALYAN/ K.TOPRAK 3 VRD | B14: 54 S 0573 | F14: ='ŞİRKET ARAÇ'!G83+'ŞİRKET ARAÇ'!G84+'ŞİRKET ARAÇ'!G85+'ŞİRKET ARAÇ'!G86 -> 97880 | L14: =SUM(C14:K14) -> 97880
A15: VAGON/BAŞAK | B15: 54 S 1194 | G15: ='ŞİRKET ARAÇ'!G33 -> 46811.25 | H15: ='ŞİRKET ARAÇ'!G10 -> 48750 | L15: =SUM(C15:K15) -> 95561.25
A16: VAGON/BAŞAK | B16: 54 S 0562 | G16: ='ŞİRKET ARAÇ'!G24 -> 95000 | H16: ='ŞİRKET ARAÇ'!G2 -> 52500 | L16: =SUM(C16:K16) -> 147500
A17: VAGON/BAŞAK | B17: 54 S 0565 | G17: ='ŞİRKET ARAÇ'!G26 -> 15603.75 | H17: ='ŞİRKET ARAÇ'!G9 -> 66300 | L17: =SUM(C17:K17) -> 81903.75
A18: VAGON/BAŞAK | B18: 54 S 0564 | G18: ='ŞİRKET ARAÇ'!G27 -> 15603.75 | H18: ='ŞİRKET ARAÇ'!G7 -> 71400 | L18: =SUM(C18:K18) -> 87003.75
A19: VAGON/BAŞAK | B19: 54 S 0857 | G19: ='ŞİRKET ARAÇ'!G32 -> 15603.75 | H19: ='ŞİRKET ARAÇ'!G4 -> 91800 | L19: =SUM(C19:K19) -> 107403.75
A20: VAGON/BAŞAK | B20: 54 S 0257 | G20: ='ŞİRKET ARAÇ'!G29 -> 31207.5 | H20: ='ŞİRKET ARAÇ'!G14 -> 49400 | L20: =SUM(C20:K20) -> 80607.5
A21: VAGON/BAŞAK | B21: 54 S 1773 | G21: ='ŞİRKET ARAÇ'!G31 -> 46811.25 | H21: ='ŞİRKET ARAÇ'!G3 -> 52500 | L21: =SUM(C21:K21) -> 99311.25
A22: VAGON ORMAN | B22: 54 S 2295 | G22: ='ŞİRKET ARAÇ'!G35 -> 15603.75 | I22: ='ŞİRKET ARAÇ'!G74 -> 94050 | L22: =SUM(C22:K22) -> 109653.75
A23: VAGON ORMAN | B23: 54 S 0572 | G23: ='ŞİRKET ARAÇ'!G34 -> 15603.75 | I23: ='ŞİRKET ARAÇ'!G75 -> 94050 | L23: =SUM(C23:K23) -> 109653.75
A24: AQUAKRAFT | B24: 54 S 0563 | J24: ='ŞİRKET ARAÇ'!G162 -> 96600 | L24: =SUM(C24:K24) -> 96600
A25: ='ŞİRKET ARAÇ'!A159 -> DBE FİRMA | B25: 54 S 0566 | J25: ='ŞİRKET ARAÇ'!G160 -> 109200 | L25: =SUM(C25:K25) -> 109200
A26: GEDİK KAYNAK | B26: 54 S 0561 | K26: ='ŞİRKET ARAÇ'!G99 -> 70350 | L26: =SUM(C26:K26) -> 70350
A27: GEDİK KAYNAK VRD | B27: ='ŞİRKET ARAÇ'!C96 -> 54 S 0560 | K27: ='ŞİRKET ARAÇ'!G96+'ŞİRKET ARAÇ'!G97 -> 131040 | L27: =SUM(C27:K27) -> 131040
A28: GEDİK KAYNAK/VAGON | B28: 54 S 2933 | G28: ='ŞİRKET ARAÇ'!G28 -> 15603.75 | K28: ='ŞİRKET ARAÇ'!G107 -> 92700 | L28: =SUM(C28:K28) -> 108303.75
C29: =SUM(C2:C28) -> 183257.5 | D29: =SUM(D2:D28) -> 313625 | E29: =SUM(E2:E28) -> 320660 | F29: =SUM(F2:F28) -> 251355 | G29: =SUM(G2:G28) -> 313452.5 | H29: =SUM(H2:H28) -> 432650 | I29: =SUM(I2:I28) -> 188100 | J29: =SUM(J2:J28) -> 205800 | ... L29: =SUM(L2:L28) -> 2502990
J30: BİNEK ARAÇLAR | L30: ='ŞİRKET ARAÇ'!G64 -> 1030500
J31: ARAÇLAR TOPLAM | L31: =SUM(L29:L30) -> 3533490
A33: FİRMA | B33: PLAKA | C33: TOPLAM KAZANÇ | D33: MAZOT | E33: PERSONEL MAAŞ | F33: SGK | G33: TOPLAM | H33: MEB | I33: GENEL TOPLAM
A34: =A2 -> BURDA /3 vrd | B34: =B2 -> 54 S 0571 | C34: =L2 -> 108257.5 | D34: 23736 | E34: 22500 | F34: 9800 | G34: =C34-D34-E34-F34 -> 52221.5 | I34: =SUM(G34:H34) -> 52221.5
A35: =A11 -> BURDA BEBEK GRŞ ÇIKIŞ | B35: =B11 -> 54 S 0859 | C35: =L11 -> 75000 | D35: 14391.8 | E35: 19000 | F35: 8500 | G35: =C35-D35-E35-F35 -> 33108.2 | H35: ='[1]SAKARYA BÜYÜKŞEHİR'!$G$11 -> 28000 | I35: =SUM(G35:H35) -> 61108.2
A36: =A4 -> ISILSAN MAKİNA-AYYAN GECE | B36: =B4 -> 54 S 0856 | C36: =L4 -> 94925 | D36: 21292.64 | E36: 19000 | F36: 8500 | G36: =C36-D36-E36-F36 -> 46132.36 | H36: ='[1]ADP MEB'!$G$25 -> 20832.5 | I36: =SUM(G36:H36) -> 66964.86
A37: =A5 -> ISILSAN MAKİNA | B37: =B5 -> 54 S 0567 | C37: =L5 -> 72450 | D37: 17112.5 | E37: 20000 | F37: 8500 | G37: =C37-D37-E37-F37 -> 26837.5 | H37: =[1]SERDİVAN!$H$38 -> 19305 | I37: =SUM(G37:H37) -> 46142.5
A38: =A15 -> VAGON/BAŞAK | B38: =B15 -> 54 S 1194 | C38: =L15 -> 95561.25 | D38: 9779 | E38: 19000 | F38: 8500 | G38: =C38-D38-E38-F38 -> 58282.25 | I38: =SUM(G38:H38) -> 58282.25
A39: =A26 -> GEDİK KAYNAK | B39: =B26 -> 54 S 0561 | C39: =L26 -> 70350 | D39: 11075.25 | E39: 19000 | F39: 8500 | G39: =C39-D39-E39-F39 -> 31774.75 | I39: =SUM(G39:H39) -> 31774.75
A40: =A8 -> B PLAS 3 VRD/VGON | B40: =B8 -> 54 S 3116 | C40: =L8 -> 124100 | D40: 20073.95 | E40: 26500 | F40: 9800 | G40: =C40-D40-E40-F40 -> 67726.05 | I40: =SUM(G40:H40) -> 67726.05
A41: =A9 -> B PLAS KORUCUK | B41: 54 S 0570 | C41: =L9 -> 196560 | D41: 41247.68 | E41: 26500 | F41: 9800 | G41: =C41-D41-E41-F41 -> 119012.32 | I41: =SUM(G41:H41) -> 119012.32
A42: =A14 -> ALYAN/ K.TOPRAK 3 VRD | B42: =B14 -> 54 S 0573 | C42: =L14 -> 97880 | D42: 18916.83 | E42: 22500 | F42: 9800 | G42: =C42-D42-E42-F42 -> 46663.17 | I42: =SUM(G42:H42) -> 46663.17
A43: ALYAN | B43: =B10 -> 54 S 0855 | C43: ='ŞİRKET ARAÇ'!G79+'ŞİRKET ARAÇ'!G80 -> 68600 | D43: 15253.82 | E43: 22500 | F43: 9800 | G43: =C43-D43-E43-F43 -> 21046.18 | I43: =SUM(G43:H43) -> 21046.18
A44: =A16 -> VAGON/BAŞAK | B44: =B16 -> 54 S 0562 | C44: =L16 -> 147500 | D44: 9330.06 | E44: 17000 | F44: 8000 | G44: =C44-D44-E44-F44 -> 113169.94 | I44: =SUM(G44:H44) -> 113169.94
A45: =A17 -> VAGON/BAŞAK | B45: =B17 -> 54 S 0565 | C45: =L17 -> 81903.75 | D45: 18523.04 | E45: 19000 | F45: 8500 | G45: =C45-D45-E45-F45 -> 35880.71 | H45: =[1]SERDİVAN!$H$29 -> 16250 | I45: =SUM(G45:H45) -> 52130.71
A46: =A18 -> VAGON/BAŞAK | B46: =B18 -> 54 S 0564 | C46: =L18 -> 87003.75 | D46: 18421.06 | E46: 22500 | F46: 9800 | G46: =C46-D46-E46-F46 -> 36282.69 | H46: =[1]SERDİVAN!$H$35 -> 18525 | I46: =SUM(G46:H46) -> 54807.69
A47: =A19 -> VAGON/BAŞAK | B47: =B19 -> 54 S 0857 | C47: =L19 -> 107403.75 | D47: 20896.62 | E47: 20000 | F47: 8500 | G47: =C47-D47-E47-F47 -> 58007.13 | H47: =[1]SERDİVAN!$H$37 -> 16445 | I47: =SUM(G47:H47) -> 74452.13
A48: =A23 -> VAGON ORMAN | B48: =B23 -> 54 S 0572 | C48: =L23 -> 109653.75 | D48: 17146.43 | E48: 19000 | F48: 8500 | G48: =C48-D48-E48-F48 -> 65007.32 | H48: =[1]SERDİVAN!$H$30 -> 18525 | I48: =SUM(G48:H48) -> 83532.32
A49: =A7 -> ISILSAN MAKİNA | B49: =B7 -> 54 S 0569 | C49: =L7 -> 108150 | D49: 15892.97 | E49: 20000 | F49: 8500 | G49: =C49-D49-E49-F49 -> 63757.03 | I49: =SUM(G49:H49) -> 63757.03
A50: =A20 -> VAGON/BAŞAK | B50: =B20 -> 54 S 0257 | C50: =L20 -> 80607.5 | D50: 8789.51 | E50: 19000 | F50: 8500 | G50: =C50-D50-E50-F50 -> 44317.99 | H50: =[1]SERDİVAN!$H$40 -> 16640 | I50: =SUM(G50:H50) -> 60957.99
A51: =A22 -> VAGON ORMAN | B51: =B22 -> 54 S 2295 | C51: =L22 -> 109653.75 | D51: 10831.57 | E51: 19000 | F51: 8500 | G51: =C51-D51-E51-F51 -> 71322.18 | H51: ='[1]SAKARYA BÜYÜKŞEHİR'!$G$13 -> 32500 | I51: =SUM(G51:H51) -> 103822.18
A52: =D1 -> ISILSAN | B52: =B12 -> 54 S 0858 | C52: =L12 -> 53600 | D52: 18713.18 | E52: 19000 | F52: 8500 | G52: =C52-D52-E52-F52 -> 7386.82 | H52: ='[1]SAKARYA BÜYÜKŞEHİR'!$G$12 -> 76500 | I52: =SUM(G52:H52) -> 83886.82
A53: =A27 -> GEDİK KAYNAK VRD | B53: =B27 -> 54 S 0560 | C53: =L27 -> 131040 | D53: 23698.76 | E53: 25000 | F53: 9800 | G53: =C53-D53-E53-F53 -> 72541.24 | I53: =SUM(G53:H53) -> 72541.24
A54: =A28 -> GEDİK KAYNAK/VAGON | B54: =B28 -> 54 S 2933 | C54: =L28 -> 108303.75 | D54: 21558.4 | E54: 19000 | F54: 8500 | G54: =C54-D54-E54-F54 -> 59245.35 | H54: ='[1]SAKARYA BÜYÜKŞEHİR'!$G$10 -> 40000 | I54: =SUM(G54:H54) -> 99245.35
A55: =A25 -> DBE FİRMA | B55: =B25 -> 54 S 0566 | C55: =L25 -> 109200 | D55: 23281.79 | E55: 19000 | F55: 8500 | G55: =C55-D55-E55-F55 -> 58418.21 | H55: =[1]SERDİVAN!$H$34 -> 17420 | I55: =SUM(G55:H55) -> 75838.21
A56: =A24 -> AQUAKRAFT | B56: =B24 -> 54 S 0563 | C56: =L24 -> 96600 | D56: 7861.89 | E56: 19000 | F56: 8500 | G56: =C56-D56-E56-F56 -> 61238.11 | I56: =SUM(G56:H56) -> 61238.11
A57: =A6 -> ISILSAN MAKİNA | B57: =B6 -> 54 S 0860 | C57: =L6 -> 69375 | D57: 11591.38 | E57: 22500 | F57: 9800 | G57: =C57-D57-E57-F57 -> 25483.62 | I57: =SUM(G57:H57) -> 25483.62
A58: =A21 -> VAGON/BAŞAK | B58: =B21 -> 54 S 1773 | C58: =L21 -> 99311.25 | D58: 15961.53 | E58: 35000 | F58: 9800 | G58: =C58-D58-E58-F58 -> 38549.72 | H58: =[1]SERDİVAN!$H$36 -> 15015 | I58: =SUM(G58:H58) -> 53564.72
A59: BOŞDA | B59: =B3 -> 54 S 0568 | C59: =L3 -> 0 | G59: =C59-D59-E59-F59 -> 0 | I59: =SUM(G59:H59) -> 0
C60: =SUM(C34:C59) -> 2502990 | D60: =SUM(D34:D59) -> 435377.66 | E60: =SUM(E34:E59) -> 530500 | F60: =SUM(F34:F59) -> 223700 | G60: =SUM(G34:G59) -> 1313412.3 | H60: =SUM(H34:H59) -> 335957.5 | I60: =SUM(I34:I59) -> 1649369.8
A64: KOMİSYON | G64: ŞİRKET ARAÇ KAZANCI
A65: KOMİSYON | C65: MATRAH | D65: KDV | E65: TOPLAM | H65: MATRAH | I65: KDV | K65: TOPLAM
A66: =FATURALANDIRMA!B1 -> BAŞAK TRAKTÖR | C66: =FATURALANDIRMA!C52 -> 378233.33 | D66: =FATURALANDIRMA!D52 -> 91551.666 | E66: =FATURALANDIRMA!E52 -> 469785 | G66: BAŞAK TRAKTÖR | H66: =FATURALANDIRMA!C50 -> 432650 | I66: =FATURALANDIRMA!D50 -> 43265 | K66: =FATURALANDIRMA!E50 -> 475915 | L66: =E66+K66 -> 945700
A67: =FATURALANDIRMA!B57 -> TÜVESAŞ PERSONEL | C67: =FATURALANDIRMA!C88 -> 185249.51 | D67: =FATURALANDIRMA!D88 -> 46549.91 | E67: =FATURALANDIRMA!E88 -> 231799.42 | G67: TÜRESAŞ PERSONEL | H67: =FATURALANDIRMA!C86 -> 313452.5 | I67: =FATURALANDIRMA!D86 -> 31345.25 | K67: =FATURALANDIRMA!E86 -> 344797.75 | L67: =E67+K67 -> 576597.17
A68: =FATURALANDIRMA!B94 -> TÜRESAŞ ARAÇ | C68: =FATURALANDIRMA!C110 -> 54320 | D68: =FATURALANDIRMA!D110 -> 90214 | E68: =FATURALANDIRMA!E110 -> 144534 | G68: TÜRESAŞ ARAÇ | H68: =FATURALANDIRMA!C108 -> 1030500 | I68: =FATURALANDIRMA!D108 -> 0 | K68: =FATURALANDIRMA!E108 -> 1030500 | L68: =E68+K68 -> 1175034
A69: =FATURALANDIRMA!B117 -> ALYAN GIDA | C69: =FATURALANDIRMA!C150 -> 168605 | D69: =FATURALANDIRMA!D150 -> 8585.5 | E69: =FATURALANDIRMA!E150 -> 177190.5 | G69: ALYAN GIDA OCAK | H69: =FATURALANDIRMA!C149 -> 251355 | I69: =FATURALANDIRMA!D149 -> 50271 | K69: =FATURALANDIRMA!E149 -> 301626 | L69: =E69+K69 -> 478816.5
A70: =FATURALANDIRMA!B156 -> GEDİK DÖKÜM | C70: =FATURALANDIRMA!C179 -> 213600 | D70: =FATURALANDIRMA!D179 -> 42720 | E70: =FATURALANDIRMA!E179 -> 256320 | G70: GEDİK DÖKÜM | H70: =FATURALANDIRMA!C178 -> 0 | I70: =FATURALANDIRMA!D178 -> 0 | K70: =FATURALANDIRMA!E178 -> 0 | L70: =E70+K70 -> 256320
A71: =FATURALANDIRMA!B187 -> GEDİK KAYNAK | C71: =FATURALANDIRMA!C217 -> 508295 | D71: =FATURALANDIRMA!D217 -> 104809 | E71: =FATURALANDIRMA!E217 -> 613104 | G71: GEDİK KAYNAK | H71: =FATURALANDIRMA!C216 -> 294090 | I71: =FATURALANDIRMA!D216 -> 26259 | K71: =FATURALANDIRMA!E216 -> 320349 | L71: =E71+K71 -> 933453
A72: =FATURALANDIRMA!B222 -> TAVSAN | C72: =FATURALANDIRMA!C239 -> 129730 | D72: =FATURALANDIRMA!D239 -> 25946 | E72: =FATURALANDIRMA!E239 -> 155676 | G72: TAVSAN | H72: =FATURALANDIRMA!C238 -> 0 | I72: =FATURALANDIRMA!D238 -> 0 | K72: =FATURALANDIRMA!E238 -> 0 | L72: =E72+K72 -> 155676
A73: =FATURALANDIRMA!B245 -> BURDA BEBEK | C73: =FATURALANDIRMA!C276 -> 84488.28 | D73: =FATURALANDIRMA!D276 -> 16732.656 | E73: =FATURALANDIRMA!E276 -> 101220.94 | G73: BURDA BEBEK | H73: =FATURALANDIRMA!C274 -> 183257.5 | I73: =FATURALANDIRMA!D274 -> 18325.75 | K73: =FATURALANDIRMA!E274 -> 201583.25 | L73: =E73+K73 -> 302804.19
A74: =FATURALANDIRMA!B282 -> İSM OTOMATİV | C74: =FATURALANDIRMA!C297 -> 18695 | D74: =FATURALANDIRMA!D297 -> 8959 | E74: =FATURALANDIRMA!E297 -> 27654 | G74: İSM OTOMATİV | H74: =FATURALANDIRMA!C296 -> 0 | I74: =FATURALANDIRMA!D296 -> 0 | K74: =FATURALANDIRMA!E296 -> 0 | L74: =E74+K74 -> 27654
A75: =FATURALANDIRMA!B300 -> AKUAKRAFT | C75: =FATURALANDIRMA!C322 -> 390410 | D75: =FATURALANDIRMA!D322 -> 78082 | E75: =FATURALANDIRMA!E322 -> 468492 | G75: AKUAKRAFT | H75: =FATURALANDIRMA!C321 -> 109200 | I75: =FATURALANDIRMA!D321 -> 10920 | K75: =FATURALANDIRMA!E321 -> 120120 | L75: =E75+K75 -> 588612
A76: =FATURALANDIRMA!B327 -> ISILSAN MAK SAN | C76: =FATURALANDIRMA!C358 -> 102855 | D76: =FATURALANDIRMA!D358 -> 20196 | E76: =SUM(C76:D76) -> 123051 | G76: ISILSAN MAK SAN | H76: =FATURALANDIRMA!C356 -> 313625 | I76: =FATURALANDIRMA!D356 -> 31362.5 | K76: =FATURALANDIRMA!E356 -> 344987.5 | L76: =E76+K76 -> 468038.5
A77: =FATURALANDIRMA!B363 -> BURSA PLASTIK | C77: =FATURALANDIRMA!C385 -> 121770 | D77: =FATURALANDIRMA!D385 -> 40457.5 | E77: =FATURALANDIRMA!E385 -> 162227.5 | G77: BURSA PLASTIK | H77: =FATURALANDIRMA!C383 -> 320660 | I77: =FATURALANDIRMA!D383 -> 32066 | K77: =FATURALANDIRMA!E383 -> 352726 | L77: =E77+K77 -> 514953.5
G78: ORMAN İŞLETME | H78: =FATURALANDIRMA!C399 -> 188100 | I78: =FATURALANDIRMA!D399 -> 18810 | K78: =FATURALANDIRMA!E399 -> 206910 | L78: =E78+K78 -> 206910
C79: =SUM(C66:C78) -> 2356251.1 | D79: =SUM(D66:D78) -> 574803.23 | E79: =SUM(E66:E78) -> 2931054.4 | H79: =SUM(H66:H78) -> 3436890 | I79: =SUM(I66:I78) -> 262624.5 | K79: =SUM(K66:K78) -> 3699514.5 | L79: =E79+K79 -> 6630568.9
G81: ÖDENEN KDV
E82: MATRAH | F82: =C79+H79 -> 5793141.1 | H82: =SUM(F82:G82) -> 5793141.1
E83: KDV | F83: =D79+I79 -> 837427.73 | H83: =F83-G83 -> 837427.73
E84: TOPLAM | F84: =SUM(F82:F83) -> 6630568.9 | H84: =SUM(H82:H83) -> 6630568.9
